tree.0001.01,tree.0001.02,tree.0001.03,tree.0001.04,tree.0001.05,tree.0001.06,tree.0001.07,tree.0001.08,tree.0001.09,tree.0001.10,tree.0002.01,tree.0002.02,tree.0002.03,tree.0002.04,tree.0002.05,tree.0003.01,tree.0003.02,tree.0003.03,tree.0003.04,tree.0003.05,tree.0004.01,tree.0004.02,tree.0004.03,tree.0004.04,tree.0004.05,tree.0005.01,tree.0005.02,tree.0005.03,tree.0005.04,tree.0005.05,tree.0006.01,tree.0006.02,tree.0006.03,tree.0006.04,tree.0006.05,tree.0007.01,tree.0007.02,tree.0007.03,tree.0007.04,tree.0007.05,tree.0008.01,tree.0008.02,tree.0008.03,tree.0008.04,tree.0008.05,tree.0009.01,tree.0009.02,tree.0009.03,tree.0009.04,tree.0009.05,tree.0010.01,tree.0010.02,tree.0010.03,tree.0010.04,tree.0010.05,tree.0011.01,tree.0011.02,tree.0011.03,tree.0011.04,tree.0011.05,tree.0012.01,tree.0012.02,tree.0012.03,tree.0012.04,tree.0012.05,tree.0013.01,tree.0013.02,tree.0013.03,tree.0013.04,tree.0013.05,tree.0014.01,tree.0014.02,tree.0014.03,tree.0014.04,tree.0014.05,tree.0015.01,tree.0015.02,tree.0015.03,tree.0015.04,tree.0015.05,tree.0016.01,tree.0016.02,tree.0016.03,tree.0016.04,tree.0016.05,tree.0017.01,tree.0017.02,tree.0017.03,tree.0017.04,tree.0017.05,tree.0018.01,tree.0018.02,tree.0018.03,tree.0018.04,tree.0018.05,tree.0019.01,tree.0019.02,tree.0019.03,tree.0019.04,tree.0019.05
916.030038199,711.213949659,778.320459853,727.162646266,784.911114512,721.318518271,740.773920442,675.460685302,816.626366512,708.338477423,1228.02076689,1024.81311374,1144.41503061,1077.64490614,1153.57002424,910.854683898,955.165979548,902.527186843,861.810115941,980.883902426,915.871736616,887.531137001,1040.50911668,1031.00293457,870.574895765,117.615197629,118.395072242,113.535229339,117.683232798,111.295706702,755.139452726,640.094348376,710.782724061,670.77548742,741.286982926,638.417719139,678.112373952,710.032576623,696.883817302,618.136147918,1226.95577425,1295.16390358,1297.67261873,1242.99030848,1336.72105753,1091.76838133,1087.96841596,1124.62066566,1135.77004067,1227.27182567,1024.29271255,974.991577094,1013.49513455,971.135538625,947.895500222,88.1877373714,69.319361653,78.7541103254,96.1494694844,97.2404918293,603.048715661,640.73308258,521.04707486,650.349997617,603.061915692,537.458428825,550.132114176,660.015438974,453.085020477,559.257672888,745.475159449,801.964252081,696.241273468,790.720041188,854.752193069,714.800560354,667.95125175,735.372961486,569.184979224,639.047853124,825.798617194,644.182419575,780.663977605,704.523367383,700.625394922,199.634919309,227.48774266,212.236748871,241.441071828,252.173786477,626.667509232,595.729779723,570.24153955,594.688477616,606.692103318,532.457945412,461.347066323,560.321329725,486.577433478,559.088534682
0,741.993747041,694.174540808,638.592587167,689.176563696,644.2603219,649.991687747,606.174742021,720.326704285,634.362540516,1091.75086405,905.85282231,1021.5519446,970.748462925,1022.9162937,809.426666459,846.765908393,794.16324405,766.161990154,870.278272586,813.396638127,779.619639736,916.126092815,914.847387771,770.560916916,105.230476977,108.496895864,102.58601435,103.790353836,102.685087673,669.182559722,573.446176634,639.518016006,601.103348247,655.603088438,562.237689809,594.382912419,629.621094621,609.147253171,545.527138636,1088.25730515,1138.64693899,1142.57689915,1105.02526011,1179.51259549,974.339185477,969.578646975,997.87109046,1006.77608398,1096.56793466,918.270699807,867.735083218,912.645842454,871.367835765,843.807735758,80.427819638,60.5706516455,73.3554206409,88.847023628,87.4993005529,538.619649717,556.253496806,463.361101704,578.326152212,536.788133772,480.640549102,494.447355338,585.62835634,403.347498543,504.7987285,655.184345312,708.097391546,616.654326792,706.306538175,746.65272162,629.244941222,590.123552174,659.156817514,508.853928143,571.179538297,735.620380357,581.429688644,688.246247056,626.378374967,621.24976743,180.732453875,202.905785083,195.497217246,221.750293938,227.118937712,542.861154867,520.823631859,509.984864028,532.358930777,526.935745747,474.330397748,409.128794004,491.457219573,430.299925214,497.812185809
0,0,880.914620268,708.903476347,763.533841932,698.579187144,705.671005148,645.994792271,798.117104349,700.537280782,1202.94600367,1007.35943027,1119.47107819,1073.37064857,1121.5761676,882.70288572,924.060414997,874.788810995,832.737539143,972.093272292,890.457121784,867.646932702,1028.18383482,1026.64156015,852.068945542,104.563967566,110.584311424,102.080473561,102.926599967,101.03171909,753.943225858,622.40187852,688.798419797,652.282630849,715.010587149,611.034642555,638.275470337,694.12519191,671.419756754,591.181128914,1172.44237055,1232.32622007,1233.91322041,1183.56961994,1274.18770048,1059.07543654,1080.20132873,1095.7684125,1106.49280999,1193.79722558,1008.06848057,943.050244504,994.860995845,951.68959398,929.995097218,85.5299793864,64.3223258819,71.756101504,90.9978064174,93.5626550974,584.983498905,598.220764467,498.117570728,625.435212064,580.269023424,507.991672009,525.642496792,631.587517272,440.683083215,551.49469483,724.374895791,776.216346664,670.887157168,771.18820722,833.642319757,696.961421946,651.785403781,705.830703293,557.96308085,624.149277726,806.665680231,632.583428665,751.054959311,681.416280784,664.126499789,175.786497943,199.481690819,190.955602456,214.35673946,224.25722546,602.836107636,566.78176482,546.364342694,575.979283716,574.660650956,513.357352009,442.244436819,525.678398731,466.004489968,537.634039331
0,0,0,769.247523589,700.255678374,658.581595532,668.316557272,611.661873478,744.144727637,646.331881113,1112.79313255,920.917635639,1044.42906132,979.285697356,1043.51758394,825.174336833,863.629768435,813.558457518,785.041607651,888.053418066,827.208191082,813.203783472,947.478206723,935.117874996,789.973535829,110.100039658,113.44523922,109.140282261,107.814164979,109.998692881,683.326651066,591.08912404,646.208835284,609.479209453,670.783535888,591.310334388,603.342795497,639.500424944,633.93615409,562.877188536,1124.0652044,1174.05062029,1189.82028567,1136.23473552,1216.24828403,1005.78019982,983.154387213,1022.25022049,1017.34153951,1104.79439998,928.238687347,888.632936443,913.391076993,899.084214592,865.763324156,83.9931619168,65.3254025904,77.4225371042,91.7457192135,92.7589472528,551.905642002,570.030661302,477.475074808,583.768818317,546.017789164,484.754213659,497.190760899,598.077941663,412.501491934,496.818098313,675.232451055,732.776620166,623.352196184,722.899383615,756.843260334,651.29696893,604.016136575,663.617245004,530.142417715,580.22753032,744.97227063,587.856815837,705.571742857,638.84466839,626.879737806,189.923141346,216.563397135,207.484290252,231.401762196,241.639813268,560.844273372,543.327239285,526.990028805,538.016195861,553.062455845,476.798017277,432.796773196,504.840792393,446.970480737,500.740345312
0,0,0,0,891.90394823,710.684411431,719.639164725,651.326570086,795.572886166,700.315038587,1185.94458913,996.722844485,1083.90141571,1027.69083076,1083.34932885,889.904138379,894.436017199,893.434437936,842.269617534,957.055373076,882.527669459,849.068773329,980.308859887,1032.60359979,857.321495226,119.259558498,121.2938812,116.517981503,111.133180084,111.675700817,742.040916414,637.323815401,709.327896403,658.583293601,713.60260608,625.449296774,658.538118873,687.038150431,682.921505449,589.93553261,1171.07724639,1213.35552342,1214.37710805,1157.96381938,1263.14629753,1047.73610653,1036.76786233,1082.5605779,1101.51521414,1165.90658732,974.470799934,936.008050053,973.318472337,953.800066635,916.773716672,86.8193037551,72.5636125251,77.8533002097,92.1604058384,92.3465745972,589.156085123,630.409663763,507.117851953,642.771713785,597.065295586,511.679406098,539.454831629,662.293100957,454.020960277,553.397242238,711.519462518,783.935417775,665.508055218,762.560399583,840.27468816,701.401228729,659.087139959,712.07216195,541.089926972,617.833672107,817.068375707,635.604998249,766.161199785,714.416467181,707.221466275,224.336398881,254.746667014,239.212764293,276.12992084,280.799372079,619.156484849,596.827231296,554.35125804,585.184358056,597.067041496,540.714786473,462.572363509,555.22267406,480.253524828,551.270721814
0,0,0,0,0,767.034775388,664.45713076,615.657069088,738.568937222,656.338755799,1144.83530115,947.665258663,1081.9250087,1004.4925453,1074.25313579,835.486688995,869.052209882,826.680143405,785.20349338,896.122276724,845.177490043,818.330524077,943.070768511,945.057208214,799.216457826,112.971835561,114.089005763,105.983665047,105.428086782,110.374133552,683.39366952,587.320624432,653.5017605,614.093570143,675.786397572,576.172977683,608.406742438,635.665397646,624.953477529,555.197442245,1185.0619772,1240.39816278,1241.29717102,1194.03846193,1274.76882789,1035.86447672,1000.30506306,1055.33450238,1053.84846092,1133.78497495,953.429984785,907.670902207,938.950557135,910.667799513,880.067523991,77.0514011207,62.20581578,75.5637617773,86.5458505765,88.0251120429,545.109155323,573.112012435,469.34366454,589.030241358,546.337964842,485.051884623,496.435547731,606.055897616,413.809180389,507.989919546,661.277030331,725.631255046,626.847313807,726.499080992,761.511434745,635.303700889,608.78254255,666.806341605,521.411401372,584.041920203,751.238107762,590.126576623,688.781144907,647.551128534,637.891778671,228.492945674,258.251835057,243.445368749,283.588661427,286.749228056,554.977209764,539.867989293,522.285215816,538.303076793,547.743495074,483.057533077,431.078855969,502.537275616,441.603760235,499.890326058
0,0,0,0,0,0,769.842534937,615.427328857,740.038193272,647.14099031,1116.77048479,919.555220681,1038.87325454,987.536434215,1048.58070428,828.127908194,859.329446057,817.653600542,791.58296589,892.184773734,826.118269143,801.293901938,941.434163173,928.522090087,792.143255473,109.068346601,113.128050318,108.216659595,106.932426008,107.06795187,684.049478337,590.934844051,647.727098869,611.275398738,667.990691152,582.501123123,607.188954188,642.925488145,632.201287523,557.963771348,1119.06790667,1172.29743209,1175.13928132,1136.0872901,1207.82140535,996.493248425,978.685207642,1029.25077715,1029.04014978,1111.55246662,928.774011863,884.730259935,916.659555287,892.545570422,867.986288435,79.8686180801,64.4726204239,74.2545693469,88.1072363887,88.9103488878,557.483761044,577.822647598,473.297558152,589.105842742,557.448535545,488.123492191,503.094411092,604.966619137,412.089669347,509.619111257,670.099697022,726.981348048,625.831275353,721.539884562,768.638247532,650.905893769,613.699979733,670.708435355,523.188182461,580.972170353,749.915278756,589.666192763,705.721163402,637.678426521,637.858189918,196.897692511,228.31648832,213.675848151,244.725257156,254.106993439,572.532060845,547.784798143,524.32503916,545.161589088,549.354921275,483.034646169,429.454733413,513.055405167,445.087046495,500.133666417
0,0,0,0,0,0,0,686.982161855,681.339680388,604.198922347,1095.74990943,899.431874225,1045.36595986,961.429735516,1029.5521263,793.525347733,840.895055409,771.677660853,735.89471563,835.752210127,795.946553708,769.341605394,897.327742732,882.478632735,747.925138859,106.26886458,101.670524593,98.4895941379,106.640316317,105.796632869,627.728627956,537.675068706,606.772637008,574.190065474,629.984519332,536.0406941,575.769595512,592.79527243,590.814154702,523.407250083,1181.90374809,1232.32727932,1257.55592236,1205.18177983,1280.92029681,988.959213736,954.456837477,1008.86456964,1000.35781096,1107.22880065,904.98429035,871.599731686,901.906509984,855.762039704,832.213511891,74.5609033834,60.5118189054,69.231222185,81.147616906,85.7881333273,510.194461716,535.848241305,438.137794239,547.014978277,506.656159399,458.13837891,467.963937107,554.509400069,389.739797549,469.678607455,621.899336571,674.29395966,599.561613655,669.355778126,712.946529487,594.329444772,568.50221616,630.396202073,476.277704402,545.501128857,704.834710579,542.602853736,653.54279726,602.252213033,592.971335205,248.737895123,275.900709882,260.509826081,293.977356452,302.585424015,521.622692487,491.126028085,488.721757642,500.358473474,501.13184374,441.382767948,392.331814704,464.221442078,406.576245357,464.695107513
0,0,0,0,0,0,0,0,949.377854662,721.019914634,1235.29635389,1020.16472792,1148.64699709,1096.80463483,1160.91467675,930.935440241,961.083817927,914.833631296,872.783137142,1003.96929973,926.562803428,900.360977259,1045.54261495,1050.44934748,885.524339723,119.313766574,121.419600461,109.726646054,114.779218393,109.714937358,776.680898149,662.799377101,732.588423214,678.79999806,757.5314363,639.400194843,667.729941653,713.931419734,686.184278449,613.289654432,1211.98596138,1284.77050736,1282.75509422,1226.50070387,1314.09770524,1110.78863217,1086.03807277,1126.72703733,1142.90293181,1236.08201305,1040.57851558,982.173308622,1026.62846663,998.173938632,963.750016,83.3587826528,65.6480482205,72.924720848,95.2395677093,95.1126275254,618.137481587,632.667523988,530.985235195,652.602295006,595.32763316,535.185796766,554.784362797,671.47875699,449.14901276,554.27112316,763.655922615,811.898046548,693.412537483,821.91741945,854.394545952,718.766853746,677.640829483,744.02500677,579.29163287,651.837164151,839.493773489,658.467185269,792.963150023,720.260098859,706.08118635,198.145387304,228.884581494,214.942588033,242.654780549,252.776125397,621.799643842,605.55074975,584.576216719,605.597888391,607.530920483,529.204326274,485.107871744,563.317450689,483.116671793,556.979995335
0,0,0,0,0,0,0,0,0,783.228931527,1122.51503638,932.954778198,1047.69624555,981.344492195,1059.26357871,823.061877478,859.615595156,802.177304017,771.168466492,897.326307947,827.07223396,825.956692293,966.315036183,940.015582766,779.763528656,99.2934077927,109.97487758,101.096510766,102.805563783,102.165339724,664.920262338,578.737305965,625.12200676,605.421670301,652.85615742,551.946300116,591.402678779,622.196173549,612.13962562,550.448071859,1136.06163686,1168.81572906,1189.52463419,1145.87808381,1204.64622737,1016.3338048,1015.19968677,1035.84991444,1047.56756036,1112.87782705,933.11701232,881.218502901,916.366102881,887.625237392,855.713951215,81.8872131436,58.624215913,65.5532107419,87.7699790935,86.6705706399,540.522864033,546.919590388,460.868682915,584.331798584,536.605287867,479.17221348,480.732254008,593.066436484,408.478882601,486.125528702,654.327950053,719.745392276,621.242917705,705.304774867,764.153513787,631.701167724,602.97871864,642.8780764,522.03950136,574.091670484,733.383896048,577.407661401,667.57414878,623.862794179,628.229392545,180.280921488,200.110814814,193.005564082,223.042467105,232.707228452,541.260928129,522.835926354,516.249841708,523.517063534,544.744804969,470.787378974,429.442875899,485.349391467,429.795567783,497.656984564
0,0,0,0,0,0,0,0,0,0,2591.56131687,1990.59930542,2378.23181371,2099.60886578,2318.47721432,1565.46045649,1736.39060343,1534.56162218,1427.78876955,1686.43533357,1658.45016042,1583.48542377,1865.18946541,1808.3432698,1501.04357447,167.048766457,156.069068009,132.675723812,169.497229625,165.148289562,1156.50561924,945.64502912,1108.60478365,1044.3645796,1182.91855655,1007.7543431,1136.61249048,1170.74986926,1182.43260294,1007.41560256,2924.60348766,3049.57965943,3153.80298595,3023.07447807,3215.67667819,2264.19777099,2097.44925421,2309.9986303,2228.089913,2479.55300303,1959.6882106,1877.30565073,1914.82659778,1803.25078277,1808.01509896,105.449209322,74.7359476891,113.525099868,117.422379195,129.383123859,862.090624659,967.080361566,704.133080158,981.194957878,910.655729788,770.255253521,786.527932093,965.087010547,654.790280298,831.259542917,1106.42970601,1269.32570971,1111.95973669,1265.55620483,1337.97337828,1044.04222479,1060.3041055,1159.87672972,823.821299206,1003.20877014,1319.35206332,976.726222832,1163.25538342,1091.16240198,1047.44439899,590.590150322,659.384106238,610.237855568,733.460674641,737.623096195,876.730641253,838.858968726,859.945506144,870.437403689,852.829589461,744.1389654,658.03468262,763.694964445,685.32312287,774.117927921
0,0,0,0,0,0,0,0,0,0,0,1751.57591297,1905.72512162,1711.73463764,1855.93051963,1308.53525867,1411.41935438,1258.88324012,1181.5584289,1371.31668321,1366.03252457,1291.8600341,1520.26988149,1478.54394298,1239.84083933,139.811309512,136.874395947,121.315689528,141.101285713,135.423031937,977.505377898,789.741989815,922.081206517,864.407521266,970.715497241,821.210481321,931.170886807,966.953049766,980.943633578,826.618234237,2340.53632912,2430.75152162,2525.4264182,2393.29359546,2603.68478025,1812.71133003,1722.34296431,1836.55296033,1802.4007884,2019.06040872,1588.96897739,1512.07313469,1562.67587776,1471.02121766,1471.30508245,89.7715179573,71.0794494892,95.9697983844,103.011070737,109.446928772,712.814385787,797.748746981,603.102085235,803.458031686,752.70573183,637.039918718,663.647091611,814.062078195,560.861013804,713.393294538,924.86006911,1044.70333072,921.196837365,1042.32620651,1108.33338106,870.427702436,874.20262733,947.565214716,690.831064114,825.974419036,1096.81679907,828.412314092,964.302645655,926.800514874,877.466395208,414.269758199,461.456535449,434.319982894,511.546659336,518.308623398,738.721325953,693.03603771,708.817333314,730.806411391,709.489840026,628.508912391,542.585818792,640.782589408,574.247424919,660.510034123
0,0,0,0,0,0,0,0,0,0,0,0,2407.97234984,2028.01599,2229.57791358,1492.19663657,1673.32999338,1446.14197557,1344.63680521,1573.92865664,1586.01322609,1486.56118225,1778.85962295,1664.57825085,1406.2653327,164.855760609,149.69493622,124.930948781,161.80773777,158.703064521,1077.3457662,881.348809423,1037.69566571,979.59382779,1114.63503135,932.176239238,1074.20352647,1110.7083448,1111.01466546,944.131819303,2902.66744997,3018.08538112,3146.22969,2997.49206331,3208.75715483,2178.44865516,2009.55846233,2204.56429854,2117.90428527,2405.88125426,1888.96915934,1797.14831954,1834.87001424,1715.11232418,1721.5438376,101.131936397,72.3677866283,109.838889358,114.476772411,136.024688917,796.191475042,899.59619376,655.001049908,903.165498127,839.798082318,726.892548918,744.619126762,884.772338864,621.683651493,773.161053441,1034.40132739,1184.93664217,1054.59934281,1198.17886509,1242.31640512,969.663922838,992.853127099,1098.69621306,774.088574176,944.62581354,1227.32335891,922.909197735,1070.31856783,1025.64763828,968.297262841,593.940854741,655.019845467,616.558674774,733.43438373,731.915627861,812.600167406,760.216066372,811.990237222,801.544908729,789.439452634,688.49947899,613.425171223,694.38269171,638.17940358,721.331890483
0,0,0,0,0,0,0,0,0,0,0,0,0,1937.05476886,1976.19663636,1360.02443324,1522.25906838,1325.54870642,1241.07050019,1455.60214368,1433.40935216,1359.43829241,1628.88100134,1534.71521746,1294.25456439,142.091807711,137.437101354,115.443649062,150.698100542,139.176784459,1052.32956198,836.086686194,985.840944932,916.0652673,1048.20290633,866.269977402,970.866850167,1030.47364912,1014.79614997,863.601649019,2409.20720497,2511.78635796,2571.15871305,2469.24907108,2658.17439736,1891.77886717,1812.25228873,1928.30511496,1889.01819468,2134.00978599,1698.7080703,1596.86792885,1659.3593568,1556.87562987,1553.21180578,96.0687338304,69.5439004153,96.6354000805,108.087309189,121.083511974,764.018223741,827.880505046,637.238550638,843.303806787,781.293270929,693.224449128,709.270444703,838.714454788,584.944683228,752.707548707,1001.11894133,1101.81519991,972.892988299,1112.46056505,1171.74921724,920.398413262,923.801910398,1030.46362454,740.088172889,892.549321116,1158.33824689,878.830507174,1026.50758725,951.857330939,914.066376775,431.296432448,484.538199437,451.807196542,540.555970212,541.634203781,771.93556417,718.637566805,738.202268354,761.445242816,739.075024977,648.014420464,562.412297953,666.832779088,602.117638234,692.400996663
0,0,0,0,0,0,0,0,0,0,0,0,0,0,2253.77477902,1477.67710888,1632.85521666,1427.73514608,1335.35571426,1564.02712316,1551.4022063,1481.10651227,1763.09172238,1646.14099146,1390.62119979,151.876180403,144.401278169,122.24872662,156.811585312,150.248427939,1078.06032858,892.860205723,1032.05890126,962.566382176,1114.68990955,929.851122008,1045.94932169,1083.63832143,1074.85572982,931.891468956,2730.63777595,2855.57957402,2951.49246624,2825.249141,3013.91133341,2123.68248678,1958.47627722,2142.40782388,2066.2345197,2327.15838187,1846.39856222,1743.86812274,1786.47062809,1693.61332965,1684.85480043,93.6206575984,63.7617677557,101.304850867,110.35939612,121.151762867,808.612748575,881.698081417,651.386624645,898.300641275,834.072395653,726.274955487,738.771396161,889.834006539,610.386728809,771.636478319,1042.89550869,1180.27328237,1033.23402544,1199.62755234,1237.97918451,971.458443654,998.273001014,1097.43169547,785.020403718,940.605158438,1228.62907656,920.365561229,1070.79323205,1016.62400994,963.163474405,532.585378347,592.241369279,553.699834805,662.958633587,666.232865189,810.24195499,763.74071789,805.934696647,807.882184097,802.458482884,688.615195126,619.040041341,697.026319956,623.690016502,727.221222036
0,0,0,0,0,0,0,0,0,0,0,0,0,0,0,1230.05316971,1175.50729831,1079.9705565,1024.9005309,1163.82935253,1132.01780454,1066.62342054,1266.20992996,1238.53493887,1036.67952082,128.636277975,123.753656614,116.503200623,126.604296531,126.658370925,845.298895229,728.559317191,803.36460724,769.052826959,851.931098608,730.454723549,795.990627616,817.932035401,826.801759133,719.176266033,1728.16540155,1801.29239381,1865.70093354,1773.45334659,1912.88573364,1441.76382011,1357.03126235,1449.0977748,1438.30816188,1592.76989019,1280.09932652,1234.79696482,1263.82971278,1207.61460264,1190.02296133,84.0671171463,66.9305813806,81.3305047633,101.18386369,101.877873471,672.889605307,718.570580237,565.379341213,727.583295402,667.441148755,589.662078585,616.847166475,739.260285633,497.240094837,616.555137461,835.6818027,918.851533643,799.932922898,932.791677683,984.893134755,787.862049602,771.015403283,853.010192179,626.362083538,723.325306299,948.85239441,732.850322858,879.599739284,827.305154409,790.019820349,299.805512898,339.757676281,325.174058075,373.871809282,381.316992554,695.113457458,643.198392332,669.385139891,667.958604035,657.850962178,584.134628662,524.423707869,601.872205193,526.752244284,615.279349171
0,0,0,0,0,0,0,0,0,0,0,0,0,0,0,0,1399.15224281,1122.178438,1062.56791283,1238.12955955,1210.60216613,1153.05078709,1380.13772195,1299.38168517,1106.39831921,131.049670174,120.949176994,111.944383148,134.147410356,130.578546979,888.357152098,734.252412873,840.270306729,805.360373602,908.432716372,756.705317257,837.167022881,873.690820674,873.170633532,749.858961076,1964.12831843,2058.02477853,2129.53886816,2026.23465256,2168.15337229,1577.07129557,1513.94068325,1601.08979655,1563.99771193,1769.22639766,1416.51678943,1340.79337858,1378.78970972,1292.20210318,1296.81093491,92.5521997435,69.0395722715,89.1298254057,103.580562596,110.383507496,698.245139396,748.102860122,580.806262228,754.166438139,702.24696498,632.943059209,627.289293359,751.04658541,524.270985089,652.658144413,883.7552076,969.537541604,855.812011416,970.728523277,1028.74950357,813.975061724,797.927203955,890.20250031,652.98357419,776.217315592,1006.81013666,755.872053012,913.611997871,838.116292168,817.186781278,322.889576872,362.682891126,340.972484495,399.562607694,409.104252257,703.824909395,655.551993281,668.476331563,682.669359698,680.407401111,584.299286095,510.087676779,606.997695642,548.354916848,624.262377804
0,0,0,0,0,0,0,0,0,0,0,0,0,0,0,0,0,1171.27869693,996.957285662,1148.12282266,1096.80795923,1054.44244061,1217.79706346,1233.32765448,1025.05209137,128.419869055,129.64090836,114.0372862,124.509441246,123.785112861,859.695483548,719.00579621,821.161460102,754.196956875,840.389814702,731.883477482,782.918378291,824.260711902,807.125272252,698.201117523,1670.01384003,1736.98966578,1766.31770596,1678.25867908,1824.23658948,1384.68276346,1310.19362428,1409.53224815,1401.28019146,1528.64130455,1239.42398458,1183.92525282,1241.69701401,1198.18374334,1164.36669306,87.8189272899,69.7944364935,85.3410184597,95.6151561441,101.565364742,657.655822893,711.024435892,557.560467325,712.441954333,664.214737609,572.231557056,604.862847402,728.361369823,500.389087376,624.244313098,824.011802056,902.880775015,774.476875079,910.878385359,950.995272939,785.023736915,767.687259321,833.089135357,624.297421894,722.091594834,938.342138268,718.024079562,867.869170865,814.021400573,779.686650316,337.741347522,376.616817576,358.48119648,421.819963443,421.308305234,682.308410525,653.538668247,635.298335464,665.343775734,648.810390955,584.024625797,519.422666397,604.62300767,525.646408518,596.20608065
0,0,0,0,0,0,0,0,0,0,0,0,0,0,0,0,0,0,1048.18193082,1081.39018057,1032.09362497,988.307457227,1164.71535937,1147.17283819,966.537212357,123.908006545,125.19742779,113.535892847,123.172832848,122.294383929,806.690701803,693.201518329,769.7835436,725.42481767,791.094353013,694.054130829,744.449490657,759.037860156,767.605690419,667.279130387,1540.56314697,1594.90891512,1634.15478115,1558.0506636,1680.16955924,1296.78280776,1243.60232418,1313.49308133,1308.841896,1429.41183579,1162.36765741,1122.75134623,1154.78196055,1119.38053251,1083.57266488,86.1694935385,67.7988890128,79.3530829938,93.5150868727,103.22022711,631.302540873,672.99828558,536.6474673,692.374351267,637.001370955,558.815884388,581.476469337,699.00072463,482.860138085,594.29060822,780.077313503,863.068924027,748.593503829,862.573590054,909.460245718,756.186556439,723.354584918,788.563823166,605.921016799,685.442104923,896.810832857,692.285393344,819.200579017,762.031478933,744.168086824,285.157581006,320.962147699,303.102833224,351.586315879,360.885481839,653.473623938,622.803645277,623.680205839,626.456815032,623.263952929,557.143539966,500.040025581,573.964066494,504.632434028,587.055465617
0,0,0,0,0,0,0,0,0,0,0,0,0,0,0,0,0,0,0,1362.11608308,1193.35869074,1154.2624759,1358.61870347,1342.65077156,1111.16472592,134.86975221,135.594496813,117.324255498,132.432500499,129.565571956,934.638257268,780.91678948,879.155031825,822.248894836,911.183734905,781.010513623,844.865826666,889.743143958,874.787424275,763.763543139,1779.80861405,1857.40595712,1889.87534045,1813.53410027,1940.27416761,1494.97606654,1463.76156378,1531.98347466,1537.04731537,1671.26910397,1372.7323216,1286.15951636,1343.98564218,1280.39738228,1268.01019411,98.8397077517,71.0288061676,87.3379758053,107.598599007,110.340708904,721.231224798,758.193932215,606.133063352,787.958277765,732.381843781,633.2988515,645.712849659,792.419319941,536.381852506,669.599789144,900.871007911,994.550995887,854.127459332,990.236663007,1062.75617424,855.575495967,829.1135032,901.683891995,683.879065819,789.433459013,1031.31249324,794.061396932,940.170753672,863.097337604,845.384882927,308.688671444,349.159176461,330.542610878,386.142208311,394.922305382,729.671470765,703.568767059,686.141723539,716.854194427,713.182448277,631.928745727,554.814526485,648.219326278,573.988343948,654.071515417
0,0,0,0,0,0,0,0,0,0,0,0,0,0,0,0,0,0,0,0,1261.66854157,1100.93572709,1298.78214888,1266.14446518,1063.85182727,130.066012092,125.809436425,111.733585789,129.989597823,127.125375698,867.058592358,720.394708246,822.956605121,779.513781864,876.644100743,730.996982574,818.497355808,838.237221593,835.781811307,718.876101583,1868.42129673,1951.63292983,2010.36071138,1922.43681692,2062.95143955,1506.65545958,1420.88974606,1530.99799261,1505.91959443,1668.44698981,1350.71167615,1276.12082012,1315.58751807,1245.18688446,1243.30041852,88.9991312786,63.6868775214,90.0315782046,96.4739544978,102.413812769,655.170831962,720.34183478,556.309782311,732.677154448,669.286291612,591.442334965,610.18287756,731.458779962,504.75303015,624.228781093,835.388496404,930.979807943,814.27083924,937.152511197,981.175072847,785.583933004,773.782324051,856.526489577,627.54273426,743.289922621,962.822205312,740.581552199,871.476965169,817.462216812,784.042011666,346.653870125,392.169204945,364.087158246,424.748530168,436.423963266,677.193616034,639.569473671,655.00880044,667.133986324,651.709111433,582.432508047,505.850954431,591.277333996,528.898753605,611.849435303
0,0,0,0,0,0,0,0,0,0,0,0,0,0,0,0,0,0,0,0,0,1183.17758489,1267.26229502,1227.11541083,1021.23994352,122.505681266,126.74220602,110.928354929,126.94126792,127.830372746,833.182867991,699.718890241,794.474068153,747.313590191,823.146854574,710.181068575,768.277485075,810.330222906,810.335777477,712.661191491,1732.84280867,1813.0648853,1866.80047727,1773.90551046,1882.70451515,1438.40746431,1374.09783869,1449.69018955,1428.77086942,1576.72259415,1274.21897209,1208.64016804,1246.56178531,1209.54907027,1177.26149946,88.4842513948,64.9775689904,84.1529342394,98.995264377,102.755486554,644.14378631,672.62464645,548.17705027,698.413271586,651.195790175,564.201360766,578.681157241,716.511656761,491.93449169,597.982391657,818.248935561,900.383623102,780.367526526,894.231155761,945.975368861,769.747313714,758.276513734,807.592497818,627.698281799,718.01337633,925.184929171,707.852001473,828.128196146,778.736506882,759.359869268,321.52109374,360.131862816,341.74404755,399.262082077,402.866131681,641.810367507,622.645170654,621.121262654,633.698582766,642.983957946,546.269684937,503.733820367,583.612288684,510.117358731,575.381085714
0,0,0,0,0,0,0,0,0,0,0,0,0,0,0,0,0,0,0,0,0,0,1611.82892925,1426.01451808,1193.83179063,130.597436657,136.76472955,120.017630611,138.188120944,135.262865648,976.350312689,813.467610972,905.242748735,866.738789399,965.76905157,824.47871372,899.378299603,955.664850753,937.626635043,826.310118771,2049.0266383,2136.93527068,2196.22675888,2105.75546057,2242.22611662,1688.02306766,1641.95196424,1718.15474615,1694.63146662,1880.1278647,1515.78420175,1434.15603377,1479.12212165,1408.75431062,1390.27071362,99.3719677968,65.6092217776,91.0533200681,109.248786339,119.893287744,746.907600279,784.454308964,621.860497909,817.508484568,750.563117346,669.420557123,675.051970493,816.144951432,560.611491527,695.333568955,954.255912361,1055.14559918,923.592397167,1050.71777727,1118.02113029,899.972671927,888.057474574,956.787669288,737.153024845,836.677797818,1084.55997421,831.473852989,968.949039191,893.426058965,871.613507369,328.985296921,370.049375144,348.18155321,407.439974226,410.896755952,754.011218185,708.246003848,726.49067459,729.712296223,741.461544702,628.829132419,572.171901189,649.69041175,581.048836093,676.325280217
0,0,0,0,0,0,0,0,0,0,0,0,0,0,0,0,0,0,0,0,0,0,0,1561.02823242,1184.43054175,140.418767195,142.865982548,123.726801486,141.120236583,134.745996538,983.944448991,818.237230994,928.690340055,864.195659028,961.885961591,839.669096885,904.578198799,948.8470973,953.411180453,812.426885608,1918.01512023,1994.94249111,2030.53678251,1929.60389064,2085.99301956,1611.01749338,1547.80302241,1640.99671896,1636.0459426,1774.24995824,1441.41357526,1384.99390864,1432.96344334,1376.89523668,1340.59308548,105.289471209,77.0483163009,98.0265187019,109.710827858,111.451997637,750.518683631,808.553150568,628.463056619,830.291126995,761.362396082,648.388982639,674.406263503,849.240346297,570.948624442,706.336395128,931.488137816,1046.37046676,897.242489854,1034.01110485,1114.17885726,900.26362513,879.654682982,934.693680589,699.267002428,825.435022376,1083.19049849,825.886264702,989.567301942,926.29702807,897.577174924,360.526716836,404.446665821,382.889106737,453.170157452,457.796670881,778.305024167,736.001709127,718.971807069,756.19142257,742.973003801,664.987613019,579.987896872,683.896581984,600.171503105,686.31223333
0,0,0,0,0,0,0,0,0,0,0,0,0,0,0,0,0,0,0,0,0,0,0,0,1096.89085632,125.469023771,121.906164561,113.942486801,123.779548787,118.767941933,822.076274467,689.013610536,780.527601583,737.678353975,810.995324711,695.209117091,750.587485553,781.955628311,779.08524348,672.264251294,1634.58701452,1698.95136375,1738.79044044,1666.00283343,1784.92454759,1348.75362414,1303.83669842,1382.6759445,1363.05962442,1489.99145736,1218.74456205,1162.83886513,1198.03632624,1153.12941069,1131.71356648,83.1416680564,64.7051369944,79.8014590579,95.323401735,97.4951441656,641.608593554,684.781695208,538.978362555,703.540306647,656.755048695,566.211504486,577.917488729,704.396454131,488.607529886,606.45664048,797.470467406,880.518649173,766.156745436,872.44963042,926.903196843,762.939261827,730.810244456,808.926876503,605.811486828,697.258892274,916.424937377,698.640183955,830.934367296,777.437763321,762.844528934,307.519151265,340.683120665,324.454528546,377.90931131,383.047880826,652.063352846,629.971203465,608.946365714,631.291703423,637.213753343,555.0808798,495.839087936,581.167923061,512.661474188,585.437565323
0,0,0,0,0,0,0,0,0,0,0,0,0,0,0,0,0,0,0,0,0,0,0,0,0,165.182220464,42.8616263769,42.7770820754,45.9990808738,45.8637300736,105.118038194,100.37076472,111.960861644,104.707141394,112.931071658,113.632549972,118.353101826,110.363710113,126.91759756,103.037813358,205.462022775,213.984598394,218.320793714,204.922806879,219.514272846,156.418221636,136.953719633,155.049338175,153.42650648,166.908647151,137.265587028,138.913166315,144.328015883,138.849934352,135.136868028,34.3352033006,30.5573347337,35.1523103726,36.2312286285,37.3221250446,98.245713627,108.783342166,92.9512011762,107.327883809,98.7437050702,89.7794999211,97.438141233,108.033592065,83.575731757,92.6183365504,102.65216277,118.624273168,101.635733276,115.005245723,118.042383139,108.269970859,105.665916624,111.035813272,92.9364267769,101.408823601,117.347049835,97.9503867439,114.529837997,111.708912116,108.459310491,91.7432046974,95.484627777,97.9243417201,101.939815876,102.375676546,99.5210361531,101.572910346,98.0022870906,99.5401739479,100.83610104,91.2307253373,89.823133485,93.178549644,86.5901655737,91.0181040726
0,0,0,0,0,0,0,0,0,0,0,0,0,0,0,0,0,0,0,0,0,0,0,0,0,0,166.511192576,46.7326262989,41.3663023892,46.8750376927,106.278270009,103.408862026,113.936221436,100.152119737,106.27253015,112.784383585,111.441667529,116.072565849,118.561809625,102.830768384,166.322506877,174.993815459,175.847050837,169.481484758,176.880989859,144.091423924,136.135285633,145.978573837,151.2179549,152.102661262,135.25663675,133.845028208,136.523188093,136.969442632,130.5421649,34.183247238,33.4487841744,39.2707215362,38.2106040418,34.9935070903,94.2743936729,100.70415832,95.6571055779,102.091582437,98.9032925233,92.4716296603,92.0745249399,110.557703533,82.4368248143,92.463312183,104.827890687,119.369148002,102.499156981,117.451772995,117.675660725,109.935096933,103.702422959,109.080357933,96.4936893486,101.270795126,116.935096868,103.424280092,112.139330541,108.482941133,107.783250141,62.3190855667,65.4777684171,64.049951465,63.1322923782,66.5193800286,96.090973853,102.708247215,94.5812470096,99.5359605069,101.676294445,92.0456562553,88.5399113444,94.1604254887,89.5499603406,86.9030534387
0,0,0,0,0,0,0,0,0,0,0,0,0,0,0,0,0,0,0,0,0,0,0,0,0,0,0,167.970734673,40.192070149,47.0593328541,98.9485084087,99.7863604942,106.005266787,95.9863178485,104.313910724,108.690525378,102.245739595,101.626832718,110.953828805,94.0779435514,137.146983912,143.493617041,141.424310901,142.294753381,145.655523938,121.550903863,120.587792858,128.022964786,125.307321622,129.528363247,114.256294451,118.894948423,115.914619709,121.079579907,110.643510735,35.5167610927,33.7975642071,34.3159927522,36.8571991198,30.5726472258,94.1033750995,98.5079389513,90.7803529649,102.280276634,99.5431697246,92.0458590517,97.3051201697,106.753778989,80.2981811324,90.8989590864,101.909515038,110.35721415,98.195273081,104.207267753,108.984564936,109.528655561,97.2273990303,102.556952552,91.2487979778,90.6674541422,115.433997163,99.1140181391,108.476663485,103.646114434,105.039803674,54.5177243825,59.0539903102,58.5546727006,60.7792729333,61.0324068276,93.7080597098,99.9187802637,90.5141224674,93.1912867678,103.863906606,90.0338435097,83.7600303611,95.5126214149,89.4219228249,91.2833409544
0,0,0,0,0,0,0,0,0,0,0,0,0,0,0,0,0,0,0,0,0,0,0,0,0,0,0,0,164.92394929,47.3782199105,101.090258369,95.1330918998,106.700656994,98.5432907455,108.650462045,110.620262864,114.308203945,111.120720579,120.438319634,104.219245564,184.983494008,194.47245041,197.614009806,190.947259003,198.142652062,151.297412369,140.737342261,156.687852906,158.015306561,171.186565969,141.396510087,141.408010774,141.58083799,139.01557934,133.401514372,36.0988041916,34.3304845709,36.1819162699,36.9719901683,33.2344828141,91.2147023909,98.8804705881,86.4783968277,98.9044006542,91.1367107599,89.3479988372,90.364525845,98.8103618638,72.9541864422,86.3851446726,104.902849788,116.623437046,101.928791392,112.926884532,117.55515118,103.196898045,101.506158973,107.749135431,89.1811253594,94.6193337805,119.66613427,92.9054053118,110.983900957,102.595611534,103.596248377,77.7506554799,80.872446046,83.062141988,84.2778135317,85.4181759116,92.649040772,91.5506841171,90.5024718769,91.1029034608,93.1581564816,83.2530409888,78.3973799771,90.0197815077,79.2146664153,89.9345057895
0,0,0,0,0,0,0,0,0,0,0,0,0,0,0,0,0,0,0,0,0,0,0,0,0,0,0,0,0,170.605076999,98.1795084582,98.4588277302,102.829627137,102.360894528,105.050824026,116.136596662,112.072324222,107.841055461,124.550056805,105.919748022,195.944299124,206.614063766,211.886884363,203.959572733,208.630659802,152.151494475,136.988840169,155.771288114,150.999535441,161.235425828,133.908157107,138.819238962,137.223582798,138.070205052,127.965207536,40.2216662384,35.0689793095,41.3144940388,37.1049329517,39.5861415728,93.1106368228,100.919906202,88.4677576341,103.422240692,98.1526165449,89.7227665904,93.3706073016,105.714053865,78.6264806051,86.6281361622,101.00521649,114.815743437,102.950363713,112.549786687,110.47652488,106.835000073,98.9051599187,103.038656106,92.5062157129,98.3742910374,117.142259773,96.7686479184,106.163061344,101.13448831,102.896076893,76.3552974981,81.1439696093,79.0784396663,82.9402199968,81.8271470184,97.3461324047,100.935079747,99.0177061309,98.9330976829,99.8862615011,90.4833413838,85.4240637205,93.896547133,86.3026733463,89.7923340596
0,0,0,0,0,0,0,0,0,0,0,0,0,0,0,0,0,0,0,0,0,0,0,0,0,0,0,0,0,0,852.76557886,610.524890754,692.32760157,637.195943988,698.955180593,592.948582976,615.961481449,677.793335041,643.176871925,566.537668622,1112.0206919,1160.995819,1144.61559768,1093.67150417,1195.73914681,1011.4713081,1035.60633084,1042.98351513,1064.01262904,1159.53957332,970.765674379,902.152088468,971.231159953,935.239134367,905.327874758,80.9223927319,58.2916185888,70.9089719031,86.9307776895,87.3039237418,558.519108205,581.241391932,484.527185316,595.185610817,549.957014503,493.170584597,515.653173458,617.195026489,423.294407084,544.104494893,710.662486774,746.611038357,646.498798961,737.827253916,802.258575582,673.017584785,632.644014609,694.229651098,538.714458903,614.863312429,789.76230464,616.337548823,743.272382208,670.709748486,652.784848478,164.638306365,186.265595627,175.61359924,206.421004324,207.539899467,583.957801299,556.35451112,511.978741853,559.724167056,548.220714207,493.873858304,421.510925835,517.579051114,451.396428634,522.991662972
0,0,0,0,0,0,0,0,0,0,0,0,0,0,0,0,0,0,0,0,0,0,0,0,0,0,0,0,0,0,0,631.701457371,576.298228682,541.06485282,588.98678373,511.151510868,529.824128776,556.889770194,537.307335598,489.478934828,926.90077398,968.683331111,966.694794551,932.693508579,993.857864948,858.447862198,836.080660084,871.132587779,883.271452769,941.173685424,802.025730114,757.577191521,789.017842162,781.351599003,742.34142742,76.1683387719,57.8187517083,65.5961553509,80.1343994984,81.8073663753,491.134799009,507.50999917,428.021779578,523.777336269,481.628167505,429.031786045,456.103870951,546.607561993,374.767252868,455.059385506,591.558070512,645.584437944,547.402864055,636.915329646,661.739811315,580.709264635,540.652747974,589.374062459,468.373594842,511.987532735,663.942961618,534.412808967,627.038322875,568.04080237,568.151178233,168.261214637,192.576999783,181.566499557,207.240801646,214.980690722,503.562237808,486.811254253,475.40498996,483.563447703,492.692278962,435.551607323,390.994999582,454.384705493,396.660065164,461.512536784
0,0,0,0,0,0,0,0,0,0,0,0,0,0,0,0,0,0,0,0,0,0,0,0,0,0,0,0,0,0,0,0,763.677920495,598.310689265,661.109007251,560.614700033,596.666379257,638.673770733,611.607012777,533.78823678,1130.84763961,1183.92546042,1177.54629093,1115.09792205,1218.17072986,983.363533267,960.942065498,1003.26106984,1013.69990185,1110.313207,928.118277757,860.285426414,912.367428413,895.55727318,856.48097312,77.7122524234,60.6908929386,70.9868760196,82.7907218809,85.4063020637,535.145736705,557.471750128,462.80220801,578.323534419,529.015529277,467.12625455,497.286707415,594.128477068,407.338383647,510.981358534,662.582138441,712.84044708,606.87551593,706.642881589,746.406915891,631.145577707,596.171352172,662.813779309,504.108617286,581.244848653,744.075897546,580.347825576,696.665935598,640.161641389,618.364715976,235.419675437,257.861067241,247.325370711,285.68235543,287.394249717,537.097281072,531.994186902,491.584782008,530.18253291,525.727676539,473.139816986,413.047433681,497.987598496,430.011495664,493.71194272
0,0,0,0,0,0,0,0,0,0,0,0,0,0,0,0,0,0,0,0,0,0,0,0,0,0,0,0,0,0,0,0,0,680.595551481,616.032810404,521.690957325,563.322739917,592.335433864,581.913112577,516.988602709,1053.45943179,1084.88525108,1102.68990674,1056.96704071,1126.34495446,926.835676083,923.126938307,951.217486077,962.919812537,1034.20195138,866.647046828,823.874185503,857.9478892,826.661931472,800.260920291,75.0579967587,60.3991178174,64.2615414851,81.6947444527,82.0747793585,504.982260087,538.525609372,443.894901966,549.498319269,506.779679126,455.735190944,469.993133968,559.838514115,391.908745829,475.708639293,622.09209825,672.801033981,589.366782195,664.412934804,712.56406998,603.415657462,556.66642362,616.762163444,480.294593312,540.886119362,702.1390737,542.026169632,650.443167879,606.262433127,599.860670849,184.095691831,211.080192178,196.183840191,223.109229493,231.272077476,523.891305081,505.978575317,489.96436357,504.601008271,507.02389504,458.848969283,393.322125794,473.529689935,415.079839598,483.252493238
0,0,0,0,0,0,0,0,0,0,0,0,0,0,0,0,0,0,0,0,0,0,0,0,0,0,0,0,0,0,0,0,0,0,805.288370257,582.998982101,630.192850268,651.519083424,638.025999535,560.200284968,1215.91211037,1284.87317422,1283.67382978,1247.06910741,1330.47945515,1060.20606833,1013.94245584,1084.36353945,1080.69004779,1185.98874622,990.479221386,931.48085415,976.691357837,920.372077587,911.924256963,81.3797789934,62.3661861583,74.4421731064,88.1973591561,89.2481836552,553.331234616,588.761316254,470.372557442,596.677138404,550.832203388,497.427252453,513.008891291,599.87641843,417.234581325,516.826866334,688.353380332,733.202762783,635.911303999,749.409783472,774.141650533,642.904036417,615.689212825,694.789378194,521.00007061,598.428401965,771.818425114,603.677996524,724.907192437,657.48516321,643.92263018,223.224254612,254.271918345,233.795825771,273.721005194,278.969829297,568.721439955,533.663174747,526.993596469,548.702384665,544.731493221,486.523938959,423.912002814,505.002675825,446.49823691,507.661607027
0,0,0,0,0,0,0,0,0,0,0,0,0,0,0,0,0,0,0,0,0,0,0,0,0,0,0,0,0,0,0,0,0,0,0,686.048396603,585.282187841,598.897911408,632.211684578,536.626617072,1068.95396065,1125.67306387,1131.0891875,1080.45794884,1159.24340991,901.62175205,858.082151209,928.050633176,920.51635177,994.51731593,810.381484153,802.631365918,832.802240771,806.000540707,771.71279073,92.051099625,75.788977364,91.0742217859,99.8932530345,98.0991865066,474.228626991,507.317104158,405.916787526,509.408996522,477.201797374,419.860510557,429.990024584,526.416997982,349.797998029,439.68921674,574.895756301,639.475868302,531.537289611,627.026362484,659.560476487,577.239001246,539.172591667,581.946826542,455.723136248,505.576438642,647.975984455,505.355912058,620.875172142,557.993880131,549.017008342,204.534410719,227.226192983,221.41065332,249.931161916,251.262649522,502.326318029,466.480225712,461.902676201,476.661693922,477.51760534,417.593597813,381.489470005,434.240259384,386.920755567,432.093586827
0,0,0,0,0,0,0,0,0,0,0,0,0,0,0,0,0,0,0,0,0,0,0,0,0,0,0,0,0,0,0,0,0,0,0,0,734.567244161,637.289850866,670.496160672,562.245727903,1253.23870838,1310.41957345,1328.00424059,1277.01851645,1366.07451627,1013.0616154,952.558503075,1041.59387541,1049.45586331,1133.8536814,918.841649817,885.545637932,915.034308186,874.182637058,855.092300929,91.8870556855,74.3957469852,91.0630102576,94.2858619619,97.8848381656,486.134447469,545.377834879,422.24593076,545.424597908,500.315621089,443.501391013,459.771542992,549.055193526,369.873832569,467.140724934,593.303172101,680.868717084,582.521231301,676.160371135,704.878158214,598.977587388,563.54082408,623.391934149,466.282707426,534.715050214,692.546141549,541.980599497,641.50931061,596.477936907,582.866486361,255.097742349,278.646270316,266.343050667,299.674210435,304.749476464,512.884296338,485.316181292,487.637401149,493.384874808,492.243473124,446.355177195,384.080920557,451.75989883,401.859358023,462.0417575
0,0,0,0,0,0,0,0,0,0,0,0,0,0,0,0,0,0,0,0,0,0,0,0,0,0,0,0,0,0,0,0,0,0,0,0,0,783.778826233,679.356839264,577.989907829,1224.67298629,1284.42353082,1283.85490304,1227.46126078,1332.38304806,1027.11218589,1018.69165697,1069.72431961,1070.76555319,1170.55972143,958.312628808,900.040325471,958.085655178,914.119512598,883.75475842,89.3045129673,70.6538704299,89.710005508,95.7261163058,101.210540775,513.438447849,550.234524009,447.551327667,557.68091525,511.94850922,456.490932621,480.460194737,577.818019674,381.287732929,497.760299415,646.87854876,709.479561625,606.751288253,703.995501309,741.795518426,626.482203587,590.761542277,649.748711155,488.889942569,572.693347698,733.652540801,566.861594932,684.875041549,617.937737144,600.540188741,221.301414635,243.060323699,233.101514103,264.319874842,261.481354834,530.130411324,506.447427067,484.73686017,516.670187444,506.519743142,450.981623547,394.43615573,476.580181863,418.93775564,468.506894784
0,0,0,0,0,0,0,0,0,0,0,0,0,0,0,0,0,0,0,0,0,0,0,0,0,0,0,0,0,0,0,0,0,0,0,0,0,0,835.415214455,591.828149293,1309.49968224,1369.25105527,1392.85426946,1330.42037386,1428.99290804,1048.08617619,1022.01528755,1081.57310528,1091.07885963,1168.44470913,941.521829406,923.786234332,962.397761846,907.389060909,881.751772332,105.746130289,82.7821048492,102.844556703,106.376885946,106.818142918,500.833597149,562.197309859,443.10095019,562.263171303,516.852022369,451.855263619,466.234179761,571.068424867,382.594610985,487.421271672,619.787716581,701.454628326,604.258163117,685.187328946,738.187710382,624.483965496,584.694118772,628.424566254,479.757550114,554.488163351,707.155036818,552.1776651,659.697728817,611.890929163,598.269785385,255.467778722,280.775455914,271.226728331,303.019639676,307.89215069,538.931809563,496.105389505,497.10340252,516.921169138,506.98838345,452.777911169,398.520830615,462.210759207,414.870645863,468.363525132
0,0,0,0,0,0,0,0,0,0,0,0,0,0,0,0,0,0,0,0,0,0,0,0,0,0,0,0,0,0,0,0,0,0,0,0,0,0,0,623.973915469,1053.99889653,1101.92157424,1120.7190185,1071.73067774,1135.34784321,901.452078869,870.301069074,917.475930898,919.935437192,993.852972104,817.183591462,793.632117039,815.542786325,791.032069831,754.398210779,84.427850912,70.1669619942,77.5513479757,86.8403784351,92.2055491871,450.394834419,482.186032377,395.361627753,487.250580886,459.012032924,406.707638625,416.717826307,510.967258805,342.437653372,421.751157385,554.63039202,619.44498704,532.182924842,604.059110488,645.175581373,549.831540082,513.276528701,560.228473648,444.40587552,489.018703938,630.991404209,494.178326873,589.658858588,536.774308482,528.980685747,192.364043275,211.303435151,205.288685966,226.635392534,229.049382685,473.073463288,441.795171057,440.537158926,449.022946639,456.8369476,399.961078487,360.277359158,412.64371021,366.636448097,411.878800546
0,0,0,0,0,0,0,0,0,0,0,0,0,0,0,0,0,0,0,0,0,0,0,0,0,0,0,0,0,0,0,0,0,0,0,0,0,0,0,0,4087.27036753,4170.03537525,4424.56939431,4159.42619314,4489.5266014,2739.14367822,2408.48505174,2747.79716042,2585.57335656,2975.23240404,2243.77129282,2180.96575065,2191.75532818,2047.6608497,2071.85835349,102.234053673,77.0599002544,133.070015062,112.993161697,142.332858861,815.274737173,982.521121376,658.92951232,974.374246288,916.622484362,748.244582412,772.287883057,940.552828117,670.597516329,821.280105198,1052.30703004,1289.52018236,1143.38168869,1312.89330634,1327.06723227,1011.94762434,1108.58126,1195.34754947,801.728325762,1012.98198704,1337.13650032,973.459820249,1118.47920081,1122.16635337,1027.37470255,975.222864395,1048.69294252,1007.78372774,1186.44325974,1192.36507001,841.085092098,777.73442927,896.852906123,847.564169644,826.35789582,719.793450754,673.13422016,704.876749875,660.877432257,740.355622453
0,0,0,0,0,0,0,0,0,0,0,0,0,0,0,0,0,0,0,0,0,0,0,0,0,0,0,0,0,0,0,0,0,0,0,0,0,0,0,0,0,4463.43424469,4627.53723172,4346.87593486,4685.24675697,2856.33720259,2487.78325516,2858.35124761,2686.34250476,3109.50772602,2355.08341382,2266.60412029,2287.07620973,2124.59920417,2158.10358468,109.663235994,84.0824665837,146.848517002,126.134243788,145.729886072,859.388985345,1014.18946678,690.831811491,1012.45778135,951.658335118,773.544431011,800.621229829,981.513721376,686.271210446,851.658747002,1104.63947473,1345.40909899,1188.49430798,1383.82095772,1380.46197201,1048.1889848,1154.78614043,1249.30053259,827.606959885,1059.42262946,1390.55811444,1015.86949338,1172.35673869,1161.78429085,1067.52025553,1026.78134173,1102.52531057,1061.54086995,1245.72486485,1239.1434311,870.067103338,805.900421804,929.543801065,894.610888844,866.635071129,744.454621978,695.459358533,734.755262616,680.420101124,767.690057817
0,0,0,0,0,0,0,0,0,0,0,0,0,0,0,0,0,0,0,0,0,0,0,0,0,0,0,0,0,0,0,0,0,0,0,0,0,0,0,0,0,0,5027.75471143,4629.75099412,4984.29401141,2984.14089671,2584.24470389,2962.84237798,2782.80333753,3239.57976887,2416.10695369,2360.9447027,2344.538327,2182.88008791,2226.95377682,104.249044038,77.5746481734,144.918174241,125.003667724,147.379974188,858.091680862,1033.3878575,692.501038527,1025.29963126,960.961222629,781.853876025,800.528785285,972.417802368,696.171108125,842.192217331,1112.02541871,1361.51473099,1217.90816841,1397.83871272,1399.0244521,1046.73517112,1166.57986061,1255.35148008,828.361274843,1056.8810628,1401.51951696,1012.33116991,1170.12655226,1187.06931382,1072.45345864,1043.17983726,1118.84826508,1076.95687767,1256.59096955,1260.83896214,876.471962325,808.160187658,961.395366256,894.931686994,874.271270697,740.421833038,708.503265333,731.877580241,690.304170623,770.865246231
0,0,0,0,0,0,0,0,0,0,0,0,0,0,0,0,0,0,0,0,0,0,0,0,0,0,0,0,0,0,0,0,0,0,0,0,0,0,0,0,0,0,0,4460.21456723,4659.78168767,2845.66539006,2467.03444479,2852.74897625,2670.08896344,3068.86259694,2316.1586157,2264.06740124,2252.10148042,2073.64026533,2132.59180185,104.179514688,75.4871468391,143.095181605,122.965124404,143.866634051,835.417529394,997.110313844,669.599579315,995.469757245,935.6263675,771.705421577,771.33360016,939.851371807,674.554573123,812.856492653,1066.31593353,1305.34750911,1177.49807526,1347.41275824,1343.76411652,1005.90362689,1112.97638121,1214.9540423,806.525828263,1018.50777163,1349.75556752,980.373446598,1124.9477659,1124.2350709,1038.79022457,971.046713217,1060.1627591,1008.31100029,1189.1914139,1191.89236898,839.114709714,778.295006541,932.961574903,860.216905578,842.581265675,717.844032722,674.257044897,704.318863046,665.502239451,750.55310688
0,0,0,0,0,0,0,0,0,0,0,0,0,0,0,0,0,0,0,0,0,0,0,0,0,0,0,0,0,0,0,0,0,0,0,0,0,0,0,0,0,0,0,0,5124.14256398,3027.61424852,2644.11006276,3026.24978666,2850.05543571,3317.94945025,2479.97798235,2400.84968112,2416.77438205,2239.95937003,2286.5680981,106.263488145,79.2326289644,147.331751274,120.978954425,149.244942736,874.088059031,1060.41798284,702.505039411,1045.45702438,986.220362363,802.29529235,831.674638558,1000.26136769,714.197623253,885.976908533,1144.16077386,1401.18870877,1238.16334111,1433.89520828,1439.01200958,1078.25352852,1195.20474265,1297.54214412,846.658309469,1082.97946925,1454.0132956,1057.70587036,1213.26380799,1220.73241989,1101.39558047,1038.04842557,1117.23829676,1076.3098049,1266.41244949,1269.23234924,903.19988866,821.536181137,971.513975937,920.721412603,884.190441733,773.799863593,709.938273917,746.214530948,708.274406997,791.380501954
0,0,0,0,0,0,0,0,0,0,0,0,0,0,0,0,0,0,0,0,0,0,0,0,0,0,0,0,0,0,0,0,0,0,0,0,0,0,0,0,0,0,0,0,0,2194.13571716,1895.16623761,2103.74984319,2021.71989384,2267.57038911,1784.13283087,1711.93645924,1737.85148412,1650.38329359,1636.35479171,89.2970868534,63.0170395431,99.2451134278,104.235861141,114.284807097,770.158160377,859.902284472,623.419983915,867.301224374,803.165614095,685.711927343,704.286624168,867.323946849,594.358192448,724.990098572,976.747215742,1134.46057093,995.654427334,1151.5874686,1176.25111843,915.604015589,957.918335182,1041.83848264,746.600535199,889.421266105,1174.92282787,871.590402101,1021.36447851,985.921118441,932.916741621,570.008480599,635.740681397,601.03793542,718.201431716,721.1492746,771.424171875,727.722763387,790.461497389,769.910893026,765.906733823,657.021492684,606.602021425,670.524005475,597.864521785,689.08248453
0,0,0,0,0,0,0,0,0,0,0,0,0,0,0,0,0,0,0,0,0,0,0,0,0,0,0,0,0,0,0,0,0,0,0,0,0,0,0,0,0,0,0,0,0,0,1942.07790681,1935.29857848,1887.11523416,2103.3658362,1684.87697142,1593.79212266,1642.89497538,1539.28416453,1533.01223371,95.2108171094,67.0004578728,91.6362550974,109.838212965,118.489434261,769.081129143,828.527689004,634.770823002,852.899106154,798.151748789,690.634407413,694.896705149,845.209795912,588.245747383,744.868690546,995.741704935,1110.16839674,989.000576857,1099.13326452,1190.0587269,930.354099848,930.838015632,1001.4860068,744.041206361,886.172162066,1159.74676247,871.249831382,1016.66510153,954.19704584,924.707008211,405.090298427,448.997405857,425.108094927,504.089240266,514.336464234,781.04773227,730.698692298,743.729243284,762.072941451,758.33949129,648.911604759,574.342080016,663.422615852,605.717753377,692.442218969
0,0,0,0,0,0,0,0,0,0,0,0,0,0,0,0,0,0,0,0,0,0,0,0,0,0,0,0,0,0,0,0,0,0,0,0,0,0,0,0,0,0,0,0,0,0,0,2230.38506569,2050.71419089,2285.03703514,1800.0218751,1735.67006845,1762.91550997,1667.89320216,1671.50754456,95.8538475468,71.6456621838,106.200267119,108.055862752,124.302443997,792.143731909,887.1095049,646.079280233,896.712840637,832.913344197,707.341997103,721.342391356,888.228476744,606.344818913,753.080384065,1009.0907549,1154.13301691,1023.08661377,1171.98575477,1219.39863049,948.596605765,974.03105988,1063.19766743,758.570587619,906.286347137,1203.6391976,898.109021812,1054.4409308,1001.9196006,963.891726409,564.893392196,628.296835234,583.676477411,702.997976303,706.300271704,810.031841105,761.302630199,805.700842495,798.445365625,780.02107006,677.473833371,605.05519348,692.839590329,625.78256336,712.463901828
0,0,0,0,0,0,0,0,0,0,0,0,0,0,0,0,0,0,0,0,0,0,0,0,0,0,0,0,0,0,0,0,0,0,0,0,0,0,0,0,0,0,0,0,0,0,0,0,2089.77043752,2225.11100722,1762.48691766,1681.03976935,1732.88340268,1628.47950929,1622.73607734,105.703685246,74.6237405549,109.673492779,113.85250567,125.511044948,800.654004724,885.575589377,665.423334252,900.495367432,831.89700306,717.848353881,736.995945297,903.747090713,613.459359105,771.040375003,1017.6298464,1164.05062631,1018.08017573,1168.72030478,1225.51572899,966.639411489,974.452083135,1059.50751876,763.096125548,914.454619456,1211.18581961,913.967104756,1061.61028877,1009.87420281,973.64730095,486.324647128,544.123424006,511.691536216,606.293485909,612.815194807,814.636659694,772.507812733,799.780142845,805.540358532,794.133459054,700.25675047,617.218190853,703.009901521,632.522578617,733.081813312
0,0,0,0,0,0,0,0,0,0,0,0,0,0,0,0,0,0,0,0,0,0,0,0,0,0,0,0,0,0,0,0,0,0,0,0,0,0,0,0,0,0,0,0,0,0,0,0,0,2617.87532501,1976.38508056,1871.00423622,1925.36948502,1811.59643868,1817.72157549,104.295486226,73.5670698611,111.93311684,117.419499911,131.350074022,857.357671983,949.376766907,702.650150748,951.097155669,884.769145582,773.516555471,796.532052608,951.229735858,658.623012158,830.471312421,1115.75566183,1265.42761851,1106.2075417,1275.18374559,1325.91260949,1036.8532656,1055.37889848,1172.41018844,820.010784652,994.086241489,1315.56368829,984.543396425,1156.68765626,1098.29474474,1036.21819605,572.477215193,627.267174527,598.767335027,711.925146577,712.957090963,863.954870868,803.683573742,857.398929695,860.91268956,837.624145198,727.95575866,647.920239909,743.17624706,671.824073234,776.574183024
0,0,0,0,0,0,0,0,0,0,0,0,0,0,0,0,0,0,0,0,0,0,0,0,0,0,0,0,0,0,0,0,0,0,0,0,0,0,0,0,0,0,0,0,0,0,0,0,0,0,1683.66000395,1492.25548245,1539.67377709,1449.16872996,1449.09003868,93.2925292247,64.6389466224,92.2058279602,104.46372798,114.352492446,730.216651345,789.711961144,598.977091544,808.922869843,745.590336653,656.254067982,671.615262126,805.246401683,553.206026784,705.650087155,936.028953493,1049.94630817,921.207704883,1056.34023185,1101.19398609,871.764350184,869.799549107,968.646274772,700.430637333,840.720747919,1092.53864515,832.848447611,967.903497686,905.343427938,866.475787557,429.257262553,479.650511848,447.267831879,532.65372915,536.372459073,731.958049582,695.657387795,714.257059497,725.704470805,717.009347462,635.290496716,547.856562625,638.413316471,575.698757586,659.257611527
0,0,0,0,0,0,0,0,0,0,0,0,0,0,0,0,0,0,0,0,0,0,0,0,0,0,0,0,0,0,0,0,0,0,0,0,0,0,0,0,0,0,0,0,0,0,0,0,0,0,0,1542.55169723,1461.26714601,1386.7753413,1375.99804384,88.8788618751,66.2145772586,97.3018615783,103.11082732,110.45678723,697.190392433,773.319817038,576.583847532,777.021361014,722.089873004,631.461525292,637.487512868,766.49512954,535.17343769,654.941992674,876.439786409,987.469246428,884.329394879,1000.19701556,1046.30721514,835.366554353,838.579124272,916.925240148,666.130220248,786.345047792,1027.51760961,776.181156209,915.270639632,877.328987512,841.332296535,432.226075376,483.102855059,448.549326105,529.499461986,538.919618141,722.295104866,671.019881675,710.380691022,700.579514454,694.507685207,604.284898942,539.499400712,617.146658243,559.027188054,635.807123348
0,0,0,0,0,0,0,0,0,0,0,0,0,0,0,0,0,0,0,0,0,0,0,0,0,0,0,0,0,0,0,0,0,0,0,0,0,0,0,0,0,0,0,0,0,0,0,0,0,0,0,0,1609.71306109,1424.67252178,1413.52473506,98.2563325111,69.5067002282,99.558285642,106.076664663,116.182802292,728.002703267,789.711733076,612.817359694,803.333502164,740.078257461,649.494244715,668.37469728,802.84334671,551.935236238,704.805347862,928.290427105,1029.67127898,910.269954059,1040.13476204,1085.08796678,869.384219931,866.249700301,955.272317778,691.703927883,830.307060256,1080.6925664,814.593636354,969.456583365,906.089075724,868.092332727,416.509128651,465.628715634,436.432396697,518.090621874,521.182528354,740.14450062,689.516326761,714.252921272,733.934988972,710.210361836,628.768759202,548.902166789,639.017857384,572.921523188,659.96416744
0,0,0,0,0,0,0,0,0,0,0,0,0,0,0,0,0,0,0,0,0,0,0,0,0,0,0,0,0,0,0,0,0,0,0,0,0,0,0,0,0,0,0,0,0,0,0,0,0,0,0,0,0,1472.92856276,1343.05066685,88.7708024525,65.6882086968,93.292497012,101.057077826,108.86680844,701.259523359,756.498999609,584.753871059,768.290270788,709.515643135,623.734491521,650.899281585,784.73745992,533.473382751,669.933718955,887.440435641,996.554629424,861.374146576,1004.24547426,1034.30532674,857.093266577,837.679071074,922.848796499,683.998543496,792.278174099,1038.94555674,787.102108544,925.543401846,879.100288827,835.235616402,416.191022396,454.792835154,436.406760518,512.832830496,515.217516532,713.555055854,682.542875493,688.549435487,701.32383277,695.632904022,604.95683056,547.643830064,626.519256076,548.474580316,638.603103288
0,0,0,0,0,0,0,0,0,0,0,0,0,0,0,0,0,0,0,0,0,0,0,0,0,0,0,0,0,0,0,0,0,0,0,0,0,0,0,0,0,0,0,0,0,0,0,0,0,0,0,0,0,0,1431.15601257,84.1303638716,64.4068732101,89.2468650901,97.080384205,107.061495943,677.804857231,743.829128769,566.8146791,752.087627288,697.759221616,608.150252226,621.556263327,746.930256352,522.531255999,651.118055762,871.548377771,973.70884497,846.321143509,982.757189041,1024.93698002,810.764411599,817.363907349,899.431536859,651.692382219,775.281410069,1006.64428906,766.914285047,905.709256448,845.146687975,812.600679588,393.714142016,444.550765926,414.964066408,492.402224279,499.695025985,690.246332558,661.402944708,670.912868166,686.517782507,664.191692567,587.109996063,520.9476108,603.460950635,541.622765453,609.211156316
0,0,0,0,0,0,0,0,0,0,0,0,0,0,0,0,0,0,0,0,0,0,0,0,0,0,0,0,0,0,0,0,0,0,0,0,0,0,0,0,0,0,0,0,0,0,0,0,0,0,0,0,0,0,0,155.863328427,33.1653228078,37.209450941,35.8699575878,34.5098647517,74.6086690722,75.7594627392,67.6297425561,76.2280795843,72.6353186704,69.2404034304,72.4573903323,82.3701942085,61.3776882104,71.9532300137,79.4230461494,89.569576567,75.0871263759,79.8819139008,88.1073619015,88.3955224172,76.4211898151,76.8497095292,74.1859373396,74.7825919428,85.5090808487,78.7142400935,85.0430269273,73.9935131805,79.6838159609,28.1278093566,27.8939235602,32.1277953694,28.2754637074,28.4271735738,76.5250020645,72.5119488761,71.5247857032,70.9999801404,77.3305068358,72.0778858215,62.4477460275,68.2877231763,68.9630989338,72.4343726835
0,0,0,0,0,0,0,0,0,0,0,0,0,0,0,0,0,0,0,0,0,0,0,0,0,0,0,0,0,0,0,0,0,0,0,0,0,0,0,0,0,0,0,0,0,0,0,0,0,0,0,0,0,0,0,0,156.26013645,33.2811088964,30.8295546134,33.612405533,57.9231571538,62.58195812,59.4569367099,65.5487639867,61.836487238,56.840669127,57.8466953409,67.4965035928,53.3250860902,57.1654329754,59.1595019277,67.0796404969,59.0344950168,63.9718962936,69.6943135485,67.2556502911,59.3537526421,58.7899688095,56.3716058809,57.476205119,67.1060613272,60.3183824411,66.5100310001,60.635872131,68.7938074048,39.9626376369,41.0795262659,41.9448972901,40.645185673,37.5089677209,66.4513050014,62.7080992997,55.2076095681,60.9276380507,61.2341362644,58.3812185776,49.898673854,62.2427458991,56.2038740919,56.1277815212
0,0,0,0,0,0,0,0,0,0,0,0,0,0,0,0,0,0,0,0,0,0,0,0,0,0,0,0,0,0,0,0,0,0,0,0,0,0,0,0,0,0,0,0,0,0,0,0,0,0,0,0,0,0,0,0,0,159.850325634,35.4798224169,34.0658755641,63.9027305609,68.6487425088,62.504699871,71.2037927309,65.6768977205,62.3085190342,61.1585013938,74.4233642004,52.5596137724,64.4166397107,65.9984193312,79.3969494189,71.0787583294,77.2813977982,74.813484323,73.9290813729,69.1496772713,70.404518555,59.9911177175,65.4070283672,77.0911338259,69.0472774137,75.2520615253,70.2173363636,70.9444568687,46.2054797495,44.7156096103,45.5194415401,46.2489356243,45.8611309075,66.4294661799,68.4746965641,66.5031803287,69.1244589499,67.1026143979,63.0995120093,54.1558420977,65.0222308234,63.0596855504,59.9896443902
0,0,0,0,0,0,0,0,0,0,0,0,0,0,0,0,0,0,0,0,0,0,0,0,0,0,0,0,0,0,0,0,0,0,0,0,0,0,0,0,0,0,0,0,0,0,0,0,0,0,0,0,0,0,0,0,0,0,152.491352021,32.1455980915,80.2915355505,79.91778137,74.9217488018,83.4743695248,76.5020041128,74.0660289351,74.4092103029,86.183964811,61.1751660267,72.9359720681,86.9677917846,95.3696059641,83.6426353163,90.6075220022,96.787128981,90.6665939132,81.2024530993,85.0040168728,80.130422416,81.4451256862,92.9265978352,80.8118410306,94.344737766,86.2456211847,84.5051390769,27.7662153235,27.0547197329,32.9422039171,27.8334140065,29.1223540755,81.818639802,78.4917080085,77.9881040943,77.6272744944,82.1225289245,73.1848174816,66.3394833877,76.2125843984,72.3038313342,74.5990954269
0,0,0,0,0,0,0,0,0,0,0,0,0,0,0,0,0,0,0,0,0,0,0,0,0,0,0,0,0,0,0,0,0,0,0,0,0,0,0,0,0,0,0,0,0,0,0,0,0,0,0,0,0,0,0,0,0,0,0,154.134225558,76.6296042009,82.7233294731,72.8556040516,88.2327773471,78.0248215883,76.2004416485,75.3917431513,85.9078247709,66.0821382566,76.136104087,87.3680404595,97.7140325136,85.8405748511,95.4974320581,99.2442111256,95.5013954995,83.3686408824,89.1553025222,78.0280274483,84.0732903038,93.8043494214,82.1155778582,91.8511780198,79.1326840921,88.6645448135,39.5007330032,40.6120962212,40.6094096353,38.5709920463,38.3147846382,83.650190452,78.02271463,79.6177124995,77.1969502663,79.6089929118,72.5638870548,67.9928701886,72.2422420346,71.250984042,74.2568317688
0,0,0,0,0,0,0,0,0,0,0,0,0,0,0,0,0,0,0,0,0,0,0,0,0,0,0,0,0,0,0,0,0,0,0,0,0,0,0,0,0,0,0,0,0,0,0,0,0,0,0,0,0,0,0,0,0,0,0,0,587.250435121,491.252735071,414.018873385,504.223140122,464.39435365,418.793187566,429.089742585,505.919214128,352.622035575,426.100641515,563.200391321,596.559765292,523.206161255,593.692103962,632.33244733,539.76315247,500.551376803,556.700475082,440.295721156,484.46590129,614.005066147,484.319479934,590.994048841,532.448524028,537.096833451,132.419357621,151.61886159,142.089870092,161.025967225,169.080542278,483.146005296,460.997687611,448.37443837,461.186812466,476.568395776,413.592118898,373.424586504,435.712570431,382.248294906,433.639830805
0,0,0,0,0,0,0,0,0,0,0,0,0,0,0,0,0,0,0,0,0,0,0,0,0,0,0,0,0,0,0,0,0,0,0,0,0,0,0,0,0,0,0,0,0,0,0,0,0,0,0,0,0,0,0,0,0,0,0,0,0,641.221659275,416.960200378,533.064122276,490.471109328,433.594411844,452.893346908,534.037244276,374.961498082,447.021295336,571.948023262,634.179440438,553.703305325,624.230948701,671.888947626,569.448513861,516.601489756,588.285920137,446.814432381,499.876000162,647.330561257,503.914149213,628.009909191,573.718163811,570.37544692,178.970571497,206.277921675,190.811053412,220.220225903,226.356999148,508.465909357,486.99097484,471.747924028,483.494535226,489.599372825,439.104942242,378.137436527,456.087736439,403.687479916,456.870874229
0,0,0,0,0,0,0,0,0,0,0,0,0,0,0,0,0,0,0,0,0,0,0,0,0,0,0,0,0,0,0,0,0,0,0,0,0,0,0,0,0,0,0,0,0,0,0,0,0,0,0,0,0,0,0,0,0,0,0,0,0,0,473.934927923,433.795554303,401.365515996,362.139126165,374.63740859,448.060951635,312.348108003,377.948667442,489.540972297,513.342869924,448.616560721,503.453726219,538.074052653,468.366624203,430.747493955,472.291861717,386.802904584,421.927546358,527.669392031,421.843633386,509.058995565,465.167311489,467.928055748,120.119095395,141.49868982,131.3395086,138.064462808,146.547854615,411.985284394,411.135055923,386.575559595,407.612269051,409.068968037,366.529197882,322.086487429,381.709359791,342.725987599,381.244515151
0,0,0,0,0,0,0,0,0,0,0,0,0,0,0,0,0,0,0,0,0,0,0,0,0,0,0,0,0,0,0,0,0,0,0,0,0,0,0,0,0,0,0,0,0,0,0,0,0,0,0,0,0,0,0,0,0,0,0,0,0,0,0,650.146229047,500.411648366,441.799693944,457.12330401,549.881141372,384.375746363,458.688897988,592.770345823,649.857780093,566.302775616,641.859017163,679.99691111,582.856497439,535.594299597,590.193382046,462.511736339,521.77074613,667.631947348,526.409660223,626.489698921,574.194710138,578.728955525,176.812885543,201.628250227,189.292803751,217.10466759,223.703808987,505.56879633,497.321621786,482.525280527,494.851979483,503.234364928,451.596340694,393.432381488,461.784030889,410.295491503,468.845110625
0,0,0,0,0,0,0,0,0,0,0,0,0,0,0,0,0,0,0,0,0,0,0,0,0,0,0,0,0,0,0,0,0,0,0,0,0,0,0,0,0,0,0,0,0,0,0,0,0,0,0,0,0,0,0,0,0,0,0,0,0,0,0,0,582.225490328,415.800677276,419.582040718,506.698206411,359.290831952,432.694036939,546.622041753,596.331012697,524.341630116,582.59675939,635.534218308,535.982291886,501.326369976,545.282635314,433.530405965,483.112181792,622.951892984,491.144922711,579.586908417,531.371640828,542.652554187,169.733463504,193.992543781,183.487621419,209.535025529,215.75839363,480.009273577,461.480367023,432.694007381,451.144969425,468.179297612,418.438097939,366.519753284,429.413021032,392.350932671,423.686650286
0,0,0,0,0,0,0,0,0,0,0,0,0,0,0,0,0,0,0,0,0,0,0,0,0,0,0,0,0,0,0,0,0,0,0,0,0,0,0,0,0,0,0,0,0,0,0,0,0,0,0,0,0,0,0,0,0,0,0,0,0,0,0,0,0,490.429393363,382.815912453,446.952546566,319.954548856,378.295790381,503.419579467,526.358183802,471.56221466,524.120927909,559.132167239,484.746901346,433.696713787,494.552467175,394.337555246,432.151288391,555.380184544,433.115695486,518.633670486,471.233135754,471.130314608,109.837692507,126.838792641,116.506748366,127.585500079,137.350900069,425.861456159,410.840255053,399.985761583,401.954402489,417.622779741,364.614651094,317.812671242,381.445176929,343.581415443,393.605862485
0,0,0,0,0,0,0,0,0,0,0,0,0,0,0,0,0,0,0,0,0,0,0,0,0,0,0,0,0,0,0,0,0,0,0,0,0,0,0,0,0,0,0,0,0,0,0,0,0,0,0,0,0,0,0,0,0,0,0,0,0,0,0,0,0,0,510.436729754,462.030059732,325.897662649,402.147420055,514.441217212,548.152614394,477.451764544,539.864327013,569.01320239,491.341848056,452.314394207,513.856873611,402.938015317,444.808460223,567.974708935,459.936551796,536.39796691,492.654190712,488.561384822,142.999386121,162.285550647,153.156632371,172.015640655,176.935318308,437.115228671,419.663291293,405.765521214,422.3576967,420.975365927,381.556797998,330.811681597,400.933045979,356.106060709,404.333818152
0,0,0,0,0,0,0,0,0,0,0,0,0,0,0,0,0,0,0,0,0,0,0,0,0,0,0,0,0,0,0,0,0,0,0,0,0,0,0,0,0,0,0,0,0,0,0,0,0,0,0,0,0,0,0,0,0,0,0,0,0,0,0,0,0,0,0,688.903906884,387.190095705,469.751390348,606.277625707,659.249297068,568.367699042,639.920562381,688.328278833,598.285545562,548.257400317,600.069427765,473.562433527,522.339296356,687.885906382,540.278520324,646.450945476,596.361743109,594.778900771,178.239372047,203.598294749,195.365590513,219.259956341,226.157519695,526.163139528,506.437297356,479.252013336,501.573024225,512.402635746,455.250345527,403.896695297,479.916324682,413.801880679,471.581720792
0,0,0,0,0,0,0,0,0,0,0,0,0,0,0,0,0,0,0,0,0,0,0,0,0,0,0,0,0,0,0,0,0,0,0,0,0,0,0,0,0,0,0,0,0,0,0,0,0,0,0,0,0,0,0,0,0,0,0,0,0,0,0,0,0,0,0,0,402.906547065,336.516581169,417.959317067,453.356092558,393.564745073,440.578473418,471.570281683,411.01318033,380.927936235,415.652324153,334.851378683,368.791890934,466.981399353,374.76855879,434.682653424,406.733143355,411.460606312,132.181134077,147.915453231,137.333276693,159.163335182,163.687249019,358.478145525,352.104737588,332.46815089,339.881281002,359.202633058,326.783014997,282.01359146,324.885315777,292.850472884,333.969161206
0,0,0,0,0,0,0,0,0,0,0,0,0,0,0,0,0,0,0,0,0,0,0,0,0,0,0,0,0,0,0,0,0,0,0,0,0,0,0,0,0,0,0,0,0,0,0,0,0,0,0,0,0,0,0,0,0,0,0,0,0,0,0,0,0,0,0,0,0,533.162242115,515.279999891,549.309792396,480.413871571,538.979414008,581.719267748,504.342181011,468.50167627,517.942420282,402.92675356,458.554899714,582.028650075,464.926727528,545.718190377,498.25301348,491.362899542,150.582825829,167.009010724,159.842786582,180.923588199,181.274885906,439.592243425,422.899711092,386.338424625,424.169729021,417.488572636,389.573807544,324.389398102,392.472431505,358.097367336,401.374323084
0,0,0,0,0,0,0,0,0,0,0,0,0,0,0,0,0,0,0,0,0,0,0,0,0,0,0,0,0,0,0,0,0,0,0,0,0,0,0,0,0,0,0,0,0,0,0,0,0,0,0,0,0,0,0,0,0,0,0,0,0,0,0,0,0,0,0,0,0,0,808.991366487,739.59863782,641.030197891,732.198327185,784.850292323,660.654978184,613.523485257,680.38539863,535.694961488,598.468826808,763.931012233,594.205311196,725.562293715,650.56528755,642.130619324,129.704297752,152.535349675,140.033346387,163.386996035,170.628564335,566.891985247,550.107433795,521.229526875,551.7894839,550.262905347,479.522298629,422.786675517,515.545447013,452.891219032,511.648765898
0,0,0,0,0,0,0,0,0,0,0,0,0,0,0,0,0,0,0,0,0,0,0,0,0,0,0,0,0,0,0,0,0,0,0,0,0,0,0,0,0,0,0,0,0,0,0,0,0,0,0,0,0,0,0,0,0,0,0,0,0,0,0,0,0,0,0,0,0,0,0,900.654904712,692.909594071,796.483671711,849.425651279,712.79710739,662.274878091,734.268329531,572.290854183,639.074937814,831.250761153,651.952985056,778.091737396,703.614698567,699.670352847,213.21692557,243.066628482,229.964851162,263.600719386,271.487347871,604.943980805,594.007291392,574.027884765,589.825870259,602.769395184,521.793977862,464.109999895,549.916802941,483.270819706,553.774458504
0,0,0,0,0,0,0,0,0,0,0,0,0,0,0,0,0,0,0,0,0,0,0,0,0,0,0,0,0,0,0,0,0,0,0,0,0,0,0,0,0,0,0,0,0,0,0,0,0,0,0,0,0,0,0,0,0,0,0,0,0,0,0,0,0,0,0,0,0,0,0,0,714.582403027,682.54537336,735.415581621,611.057362893,577.649928107,639.131388864,491.255477445,557.524450592,723.122563578,557.443964766,667.590070579,614.69790576,607.21742957,184.338684616,207.108284616,192.263197474,220.727752536,227.82006039,536.569527133,509.500132201,500.933692394,514.850921494,518.042005357,455.016265171,391.26071001,475.45751717,423.646557207,484.014183039
0,0,0,0,0,0,0,0,0,0,0,0,0,0,0,0,0,0,0,0,0,0,0,0,0,0,0,0,0,0,0,0,0,0,0,0,0,0,0,0,0,0,0,0,0,0,0,0,0,0,0,0,0,0,0,0,0,0,0,0,0,0,0,0,0,0,0,0,0,0,0,0,0,900.29013829,835.697380277,693.945136414,657.403080258,735.082525601,562.233452195,635.012393636,811.248421061,639.817450932,761.571376056,702.196867284,685.251126239,234.756521318,266.677917561,251.19305638,290.36802406,295.291932192,600.884818704,577.43810517,578.587562671,593.447555541,585.030852521,515.898683672,467.707870691,536.878454339,468.284220368,539.163496683
0,0,0,0,0,0,0,0,0,0,0,0,0,0,0,0,0,0,0,0,0,0,0,0,0,0,0,0,0,0,0,0,0,0,0,0,0,0,0,0,0,0,0,0,0,0,0,0,0,0,0,0,0,0,0,0,0,0,0,0,0,0,0,0,0,0,0,0,0,0,0,0,0,0,1020.04765289,741.883929655,705.056366612,771.990691959,591.61506167,677.962185264,875.34018053,671.491546224,823.910559203,753.110360165,740.166403636,201.039416337,234.054403084,219.415181124,253.941064586,263.035986998,662.071685408,620.400805199,594.054114272,622.689811683,625.954032295,555.296848796,484.265261547,578.204318589,510.858652464,578.056003068
0,0,0,0,0,0,0,0,0,0,0,0,0,0,0,0,0,0,0,0,0,0,0,0,0,0,0,0,0,0,0,0,0,0,0,0,0,0,0,0,0,0,0,0,0,0,0,0,0,0,0,0,0,0,0,0,0,0,0,0,0,0,0,0,0,0,0,0,0,0,0,0,0,0,0,746.194021646,586.949141344,649.067293178,518.135399165,565.163233029,730.98030574,579.223114885,692.140674618,624.515379958,620.274150205,164.503596713,184.422165688,173.210834132,194.109532902,203.091490459,562.869940769,540.392772997,514.894374379,527.015763003,547.550520219,480.983338692,420.919724288,500.810778384,437.793143774,508.383670397
0,0,0,0,0,0,0,0,0,0,0,0,0,0,0,0,0,0,0,0,0,0,0,0,0,0,0,0,0,0,0,0,0,0,0,0,0,0,0,0,0,0,0,0,0,0,0,0,0,0,0,0,0,0,0,0,0,0,0,0,0,0,0,0,0,0,0,0,0,0,0,0,0,0,0,0,676.490564842,612.67915204,482.488875421,538.037241052,687.351365511,539.535134231,636.391795635,596.015087804,576.487445636,219.525256908,247.228683376,233.080594761,270.48439864,274.268192978,516.289508799,488.066793971,476.884902649,495.7054949,502.981735076,443.391455896,401.771293977,457.255135672,406.177776148,459.690831274
0,0,0,0,0,0,0,0,0,0,0,0,0,0,0,0,0,0,0,0,0,0,0,0,0,0,0,0,0,0,0,0,0,0,0,0,0,0,0,0,0,0,0,0,0,0,0,0,0,0,0,0,0,0,0,0,0,0,0,0,0,0,0,0,0,0,0,0,0,0,0,0,0,0,0,0,0,795.187577634,524.687714059,591.592811387,756.482496752,591.330417499,721.965830878,657.64907273,644.556386161,230.8090132,256.915497017,243.811770411,278.86106993,283.14694341,559.105654821,537.786770286,527.96885009,542.494053462,549.715598871,480.678342238,425.259779883,504.998535466,445.749102028,508.477003092
0,0,0,0,0,0,0,0,0,0,0,0,0,0,0,0,0,0,0,0,0,0,0,0,0,0,0,0,0,0,0,0,0,0,0,0,0,0,0,0,0,0,0,0,0,0,0,0,0,0,0,0,0,0,0,0,0,0,0,0,0,0,0,0,0,0,0,0,0,0,0,0,0,0,0,0,0,0,548.886401294,467.63907793,577.644161541,467.249917863,540.440702102,497.952464005,491.843450058,128.083717954,147.301079593,141.217045314,153.616491648,161.946962473,442.425894946,434.440876956,417.609762127,429.51515965,442.605688495,385.381121584,359.87745737,399.788146815,360.515127282,407.541035625
0,0,0,0,0,0,0,0,0,0,0,0,0,0,0,0,0,0,0,0,0,0,0,0,0,0,0,0,0,0,0,0,0,0,0,0,0,0,0,0,0,0,0,0,0,0,0,0,0,0,0,0,0,0,0,0,0,0,0,0,0,0,0,0,0,0,0,0,0,0,0,0,0,0,0,0,0,0,0,631.497694888,664.159700224,526.124004683,619.783039961,567.193233513,556.352683912,189.285790017,217.154965818,204.852520545,236.924473326,239.43053451,490.714894903,477.081806007,452.599025149,479.976139995,478.568775828,427.843561197,379.799196468,444.837809195,396.799607367,440.919675996
0,0,0,0,0,0,0,0,0,0,0,0,0,0,0,0,0,0,0,0,0,0,0,0,0,0,0,0,0,0,0,0,0,0,0,0,0,0,0,0,0,0,0,0,0,0,0,0,0,0,0,0,0,0,0,0,0,0,0,0,0,0,0,0,0,0,0,0,0,0,0,0,0,0,0,0,0,0,0,0,966.055420574,677.379564642,804.508234809,736.263654719,722.501689773,222.176135497,253.235141252,235.430901239,274.089626597,279.825485376,631.587560541,605.457587606,579.460634758,606.043243621,607.29536483,545.09344837,463.245750999,568.040771603,493.440464305,569.499413396
0,0,0,0,0,0,0,0,0,0,0,0,0,0,0,0,0,0,0,0,0,0,0,0,0,0,0,0,0,0,0,0,0,0,0,0,0,0,0,0,0,0,0,0,0,0,0,0,0,0,0,0,0,0,0,0,0,0,0,0,0,0,0,0,0,0,0,0,0,0,0,0,0,0,0,0,0,0,0,0,0,647.694196707,626.655450537,568.889265987,566.884231692,154.783148856,177.604180041,168.077054226,193.058137191,197.191408988,501.82509043,483.090091384,462.016649035,480.644424643,487.528308236,438.715991233,379.335403582,453.680464941,402.736126756,448.7476802
0,0,0,0,0,0,0,0,0,0,0,0,0,0,0,0,0,0,0,0,0,0,0,0,0,0,0,0,0,0,0,0,0,0,0,0,0,0,0,0,0,0,0,0,0,0,0,0,0,0,0,0,0,0,0,0,0,0,0,0,0,0,0,0,0,0,0,0,0,0,0,0,0,0,0,0,0,0,0,0,0,0,876.537234969,695.500672816,688.926654758,175.138838718,201.770709083,188.836934906,215.80272784,225.01162171,619.387781622,583.239726708,546.136260658,581.144653451,578.462801548,515.304697479,443.581972679,549.881730623,478.19483613,541.251450474
0,0,0,0,0,0,0,0,0,0,0,0,0,0,0,0,0,0,0,0,0,0,0,0,0,0,0,0,0,0,0,0,0,0,0,0,0,0,0,0,0,0,0,0,0,0,0,0,0,0,0,0,0,0,0,0,0,0,0,0,0,0,0,0,0,0,0,0,0,0,0,0,0,0,0,0,0,0,0,0,0,0,0,752.04329568,635.23996536,216.619622631,244.369260348,232.504532378,261.349613563,270.338710562,554.154625244,536.795412562,510.651315791,538.739523435,535.29369217,483.404883514,422.803773492,494.819862592,433.114158174,503.47493622
0,0,0,0,0,0,0,0,0,0,0,0,0,0,0,0,0,0,0,0,0,0,0,0,0,0,0,0,0,0,0,0,0,0,0,0,0,0,0,0,0,0,0,0,0,0,0,0,0,0,0,0,0,0,0,0,0,0,0,0,0,0,0,0,0,0,0,0,0,0,0,0,0,0,0,0,0,0,0,0,0,0,0,0,734.009601136,184.332530291,211.228241456,197.135638396,223.750496706,230.028888856,552.322959776,540.409244447,506.960524002,523.635801378,535.922985634,481.534901687,414.159947323,498.134132364,439.504503785,496.104056771
0,0,0,0,0,0,0,0,0,0,0,0,0,0,0,0,0,0,0,0,0,0,0,0,0,0,0,0,0,0,0,0,0,0,0,0,0,0,0,0,0,0,0,0,0,0,0,0,0,0,0,0,0,0,0,0,0,0,0,0,0,0,0,0,0,0,0,0,0,0,0,0,0,0,0,0,0,0,0,0,0,0,0,0,0,945.213785435,853.458939799,874.900761744,958.114851266,947.474278889,131.888480645,154.25561785,165.261333835,160.875596959,143.444510017,142.92861672,156.936492025,133.187173471,119.319209383,122.062988302
0,0,0,0,0,0,0,0,0,0,0,0,0,0,0,0,0,0,0,0,0,0,0,0,0,0,0,0,0,0,0,0,0,0,0,0,0,0,0,0,0,0,0,0,0,0,0,0,0,0,0,0,0,0,0,0,0,0,0,0,0,0,0,0,0,0,0,0,0,0,0,0,0,0,0,0,0,0,0,0,0,0,0,0,0,0,1006.91425779,904.088673635,985.465052145,992.237154509,150.083837525,177.970240843,191.290254889,185.112830931,159.303961113,166.833154386,173.272703551,154.449626395,136.171462023,142.817065295
0,0,0,0,0,0,0,0,0,0,0,0,0,0,0,0,0,0,0,0,0,0,0,0,0,0,0,0,0,0,0,0,0,0,0,0,0,0,0,0,0,0,0,0,0,0,0,0,0,0,0,0,0,0,0,0,0,0,0,0,0,0,0,0,0,0,0,0,0,0,0,0,0,0,0,0,0,0,0,0,0,0,0,0,0,0,0,1039.40906723,1019.43634346,1020.02929825,141.256826547,161.430596477,176.41159723,172.904731568,154.180930728,155.190056522,172.472567159,143.007156536,129.76758015,129.804550421
0,0,0,0,0,0,0,0,0,0,0,0,0,0,0,0,0,0,0,0,0,0,0,0,0,0,0,0,0,0,0,0,0,0,0,0,0,0,0,0,0,0,0,0,0,0,0,0,0,0,0,0,0,0,0,0,0,0,0,0,0,0,0,0,0,0,0,0,0,0,0,0,0,0,0,0,0,0,0,0,0,0,0,0,0,0,0,0,1233.28652996,1121.44615078,160.988086718,178.949939854,201.358977931,192.599649055,168.722683182,175.338610735,190.998864393,162.337645131,145.113924195,145.477164212
0,0,0,0,0,0,0,0,0,0,0,0,0,0,0,0,0,0,0,0,0,0,0,0,0,0,0,0,0,0,0,0,0,0,0,0,0,0,0,0,0,0,0,0,0,0,0,0,0,0,0,0,0,0,0,0,0,0,0,0,0,0,0,0,0,0,0,0,0,0,0,0,0,0,0,0,0,0,0,0,0,0,0,0,0,0,0,0,0,1219.80272009,171.11302092,186.608007871,209.300063921,199.47193663,177.277341764,181.301600567,197.842907616,165.997449394,147.139205475,151.752333643
0,0,0,0,0,0,0,0,0,0,0,0,0,0,0,0,0,0,0,0,0,0,0,0,0,0,0,0,0,0,0,0,0,0,0,0,0,0,0,0,0,0,0,0,0,0,0,0,0,0,0,0,0,0,0,0,0,0,0,0,0,0,0,0,0,0,0,0,0,0,0,0,0,0,0,0,0,0,0,0,0,0,0,0,0,0,0,0,0,0,619.776980813,474.249744473,457.424544461,474.874511667,480.716509847,435.326469733,375.145467713,451.82032878,393.830207411,446.156717858
0,0,0,0,0,0,0,0,0,0,0,0,0,0,0,0,0,0,0,0,0,0,0,0,0,0,0,0,0,0,0,0,0,0,0,0,0,0,0,0,0,0,0,0,0,0,0,0,0,0,0,0,0,0,0,0,0,0,0,0,0,0,0,0,0,0,0,0,0,0,0,0,0,0,0,0,0,0,0,0,0,0,0,0,0,0,0,0,0,0,0,579.016302168,433.564799602,458.715948383,465.053555306,419.446390347,370.680595212,441.260934068,385.947388741,430.23228602
0,0,0,0,0,0,0,0,0,0,0,0,0,0,0,0,0,0,0,0,0,0,0,0,0,0,0,0,0,0,0,0,0,0,0,0,0,0,0,0,0,0,0,0,0,0,0,0,0,0,0,0,0,0,0,0,0,0,0,0,0,0,0,0,0,0,0,0,0,0,0,0,0,0,0,0,0,0,0,0,0,0,0,0,0,0,0,0,0,0,0,0,557.861669005,444.309917354,446.053195584,396.88095001,359.27999247,404.036884076,365.26431915,421.516188664
0,0,0,0,0,0,0,0,0,0,0,0,0,0,0,0,0,0,0,0,0,0,0,0,0,0,0,0,0,0,0,0,0,0,0,0,0,0,0,0,0,0,0,0,0,0,0,0,0,0,0,0,0,0,0,0,0,0,0,0,0,0,0,0,0,0,0,0,0,0,0,0,0,0,0,0,0,0,0,0,0,0,0,0,0,0,0,0,0,0,0,0,0,568.271138441,457.545990695,410.95166175,365.613556691,432.602032906,377.769270685,430.67090398
0,0,0,0,0,0,0,0,0,0,0,0,0,0,0,0,0,0,0,0,0,0,0,0,0,0,0,0,0,0,0,0,0,0,0,0,0,0,0,0,0,0,0,0,0,0,0,0,0,0,0,0,0,0,0,0,0,0,0,0,0,0,0,0,0,0,0,0,0,0,0,0,0,0,0,0,0,0,0,0,0,0,0,0,0,0,0,0,0,0,0,0,0,0,578.927933602,419.685331368,376.077046748,437.683642283,383.331945439,437.537725105
0,0,0,0,0,0,0,0,0,0,0,0,0,0,0,0,0,0,0,0,0,0,0,0,0,0,0,0,0,0,0,0,0,0,0,0,0,0,0,0,0,0,0,0,0,0,0,0,0,0,0,0,0,0,0,0,0,0,0,0,0,0,0,0,0,0,0,0,0,0,0,0,0,0,0,0,0,0,0,0,0,0,0,0,0,0,0,0,0,0,0,0,0,0,0,498.288567319,326.921240398,391.182131997,346.365982211,398.810327359
0,0,0,0,0,0,0,0,0,0,0,0,0,0,0,0,0,0,0,0,0,0,0,0,0,0,0,0,0,0,0,0,0,0,0,0,0,0,0,0,0,0,0,0,0,0,0,0,0,0,0,0,0,0,0,0,0,0,0,0,0,0,0,0,0,0,0,0,0,0,0,0,0,0,0,0,0,0,0,0,0,0,0,0,0,0,0,0,0,0,0,0,0,0,0,0,430.487856859,340.335403473,302.065243298,334.237771293
0,0,0,0,0,0,0,0,0,0,0,0,0,0,0,0,0,0,0,0,0,0,0,0,0,0,0,0,0,0,0,0,0,0,0,0,0,0,0,0,0,0,0,0,0,0,0,0,0,0,0,0,0,0,0,0,0,0,0,0,0,0,0,0,0,0,0,0,0,0,0,0,0,0,0,0,0,0,0,0,0,0,0,0,0,0,0,0,0,0,0,0,0,0,0,0,0,525.882460897,368.246778852,402.857113807
0,0,0,0,0,0,0,0,0,0,0,0,0,0,0,0,0,0,0,0,0,0,0,0,0,0,0,0,0,0,0,0,0,0,0,0,0,0,0,0,0,0,0,0,0,0,0,0,0,0,0,0,0,0,0,0,0,0,0,0,0,0,0,0,0,0,0,0,0,0,0,0,0,0,0,0,0,0,0,0,0,0,0,0,0,0,0,0,0,0,0,0,0,0,0,0,0,0,436.662795102,354.478106745
0,0,0,0,0,0,0,0,0,0,0,0,0,0,0,0,0,0,0,0,0,0,0,0,0,0,0,0,0,0,0,0,0,0,0,0,0,0,0,0,0,0,0,0,0,0,0,0,0,0,0,0,0,0,0,0,0,0,0,0,0,0,0,0,0,0,0,0,0,0,0,0,0,0,0,0,0,0,0,0,0,0,0,0,0,0,0,0,0,0,0,0,0,0,0,0,0,0,0,524.743753135
